nibasa,genus,loga-asal,latin,Engle,Espania,Rusia,Turkia,Hindu,Melayu,putong Han,Nipon
?,disa,,,"av. away; vi. go, go away",,,,,,,
?,emosi,,,"a. funny, amusing, comical; n. humor, comedy",,,,,,,
?,emosi,,,"n. shame; a. embarrassed, ashamed",,,,,,,
?,hakim,,,"defendant, accused",,,,,,,
?,hakim,,,victim,,,,,,,
?,karma,,,"throw; launch, shoot",,,,,,,
?,karma,,,pick up,,,,,,,
?,karma,,,"grasp, hold, squeeze",,,,,,,
?,karma,,,stretch,,,,,,,
?,karma,,,bend,,,,,,,
?,karma,,,jump,,,,,,,
?,karma,,,walk,,,,,,,
?,karma,,,step,,,,,,,
?,karma,,,crawl,,,,,,,
?,karma,,,slide,,,,,,,
?,karma,,,rub,,,,,,,
?,karma,,,"swing, oscillate",,,,,,,
?,karma,,,"hit, strike",,,,,,,
?,karma,,,punch,,,,,,,
?,karma,,,slap,,,,,,,
?,karma,,,kick,,,,,,,
?,karma,,,swim,,,,,,,
?,karma,,,wave,,,,,,,
?,karma,,,stab,,,,,,,
?,karma,,,yank,,,,,,,
?,karma,,,shove,,,,,,,
?,karma,,,push,,,,,,,
?,zi,,B,"(letter) B; (note) B, ti, si",,,,,,,
?,zi,,D,"(letter) D; (note) D, re",,,,,,,
?,zi,,E,"(letter) E; (note) E, mi",,,,,,,
?,zi,,F,"(letter) F; (note) F, fa",,,,,,,
?,zi,,G,"(letter) G; (note) G, so, sol",,,,,,,
?,zi,,H,(letter) H,,,,,,,
?,zi,,I,(letter) I,,,,,,,
?,zi,,L,(letter) L,,,,,,,
?,zi,,N,(letter) N,,,,,,,
?,zi,,P,(letter) P,,,,,,,
?,zi,,R,(letter) R,,,,,,,
?,zi,,T,(letter) T,,,,,,,
?,zi,,U,(letter) U,,,,,,,
?,zi,,V,(letter) V,,,,,,,
?,zi,,Y,(letter) Y,,,,,,,
?,zi,,Z,(letter) Z,,,,,,,
?,,,,"play, show",,,,,,,
?,,,,"v. deserve, merit; a. worthy, deserving, fit, appropriate, suitable; n. value, worth, price",,,,,,,
?,,,,"v. edit, revise","v. redactar, modificar",,,,,,編集
?,,,,"v. publicize, promulgate",,,,,,,
?,,,,v. publish,"v. publicar, editar",,,,,,
?,,,,worthwhile,,,,,,,
?,,,,"i. well, now, so, then",,,,,,,
?,,,,a. awake; v. wake up,,,,,,,
?,,zho:娛樂?,,"n. fun, leisure, recreation; vi. play; vt; entertain, amuse",,,,,,,
?,,,,essay,,,,,,,
?,,,,"fight, combat",,,,,,,
?,,,,young,,,,,,,
?,,,,old,,,,,,,
?,,,,"discrimination, differential treatment, special treatment",,,,,,,
?-gu,,,,jaw,,,,,,,
?-gu,,,,weapon,,,,,,,
?-nomer,,,,parameter,,,,,,,
?-zen,,,,"youth, young person",,,,,,,
?-zen,,,,"elder, old person; teacher",,,,,,,
(cumla) agar li,fraze,,,"if (cumla), supposing (cumla)",,,,,,,
(cumla) di bi ze,fraze,,,more so than (cumla),,,,,,,(cumla)より
(cumla) di do,fraze,,,"the degree that (cumla), the amount that (cumla)",,,,,,,
(cumla) di do na,fraze,,,so much so that (cumla),,,,,,,(cumla)ほど
(cumla) di dur na,fraze,,,while (cumla),,,,,,,
(cumla) di fakto,fraze,,,the fact that (cumla),,,,,,,
(cumla) di fang li,,,,"by (cumla), via (cumla), by doing (cumla)",,,,,,,
(cumla) di sabap ze,fraze,,,because (cumla),,,,,,,
(cumla) di sito na,fraze,,,"where (cumla), in the place where (cumla)",,,,,,,
(cumla) di vakat na,fraze,,,"when (cumla), at the time when (cumla)",,,,,,,
(cumla) di yang li,fraze,,,"the way that (cumla), how (cumla)",,,,,,,
(cumla) ke,,,,(forms yes–no questions),,,,,,,
(cumla) ke no ke,,,,"(cumla) or not?, (forms and emphasizes yes–no questions)",,,,,,,
(cumla) no agar li,fraze,,,"unless (cumla), barring (cumla)",,,,,,,
(nomer) base,fraze,,,"less than (nomer), fewer than (nomer), below (nomer)",,,,,,,(nomer)以内
(nomer) o base,fraze,,,"at most (nomer), no more than (nomer), (nomer) or less",,,,,,,(nomer)以下
(nomer) o super,fraze,,,"at least (nomer), no less than (nomer), (nomer) or more",,,,,,,(nomer)以上
(nomer) plika di (nomer),fraze,,,"(nomer) times (nomer), (nomer) multiplied by (nomer)",,,,,,,
(nomer) super,fraze,,,"more than (nomer), greater than (nomer), above (nomer)",,,,,,,
(sei) adi li,fraze,,,in addition to (sei),,,,,,,(sei)に加えて
(sei) anti li,fraze,,,"against (sei), counter to (sei)",,,,,,,
(sei) base li,fraze,,,"below (sei), under (sei)",,,,,,,
(sei) base na,fraze,,,"below (sei), under (sei)",,,,,,,
(sei) bi ze,fraze,,,"compared to (sei), than (sei)",,,,,,,(sei)より
(sei) bi ze alo,fraze,,,"other than (sei), besides (sei), different from (sei)",,,,,,,
(sei) di nulo,fraze,,,none of (sei),,,,,,,
(sei) di pan,fraze,,,all of (sei),,,,,,,
(sei) do na,fraze,,,"as (sei), on the level of (sei)",,,,,,,
(sei) dur na,fraze,,,during (sei),,,,,,,
(sei) dur pos na,fraze,,,"in (sei), after (sei) has passed",,,,,,,
(sei) dur pre na,fraze,,,"(sei) ago, (sei) before now",,,,,,,
(sei) e (alosei) di pan,fraze,,,both (sei) and (alosei),,,,,,,
(sei) fang li,,,,"following (sei), according to (sei), by doing (sei), by the method of (sei)",,,,,,,
(sei) frente li,fraze,,,"in front of (sei), before (sei)",,,,,,,
(sei) frente na,fraze,,,"in front of (sei), before (sei)",,,,,,,
(sei) kon li,fraze,,,"together with, along with",,,,,,,
(sei) krus li,fraze,,,"across (sei), through (sei)",,,,,,,
(sei) long li,fraze,,,along (sei),,,,,,,
(sei) o (alosei) di nulo,fraze,,,neither (sei) nor (alosei),,,,,,,
(sei) o (alosei) di un,fraze,,,either (sei) or (alosei),,,,,,,
(sei) pos li,fraze,,,"after (sei), following (sei)",,,,,,,
(sei) pos na,,,,"after (sei), following (sei)",,,,,,,
(sei) pre li,fraze,,,"before (sei), preceding (sei)",,,,,,,
(sei) pre na,,,,"before (sei), preceding (sei)",,,,,,,
(sei) retro li,,,,"behind (sei), in back of (sei)",,,,,,,
(sei) retro na,fraze,,,"behind (sei), in back of (sei)",,,,,,,
(sei) sabap ze,fraze,,,because of (sei),,,,,,,
(sei) super li,,,,"above (sei), over (sei), on (sei)",,,,,,,
(sei) super na,fraze,,,"above (sei), over (sei), on (sei)",,,,,,,
(sei) ta li,fraze,,,as a (sei),,,,,,,
(sei) tema na,fraze,,,"about (sei), regarding (sei), on the topic of (sei)",,,,,,,
(zen) di (sei),fraze,,,(zen)’s (sei) (possessive postposition),,,,,,,
(zen) di (sei) ga ta,fraze,,,(zen) has (sei),,,,,,,
(zen) kon li,fraze,,,together with (zen),,,,,,,
(zen) teze ze,,,,"according to (zen), as stated by (zen), based on what (zen) says",,,,,,,
[ammunition?]-banke,,,,(ammunition) magazine,,,,,,,
[money?]-banke,,,,bank (financial institution),,,,,,,
[sangue?]-banke,,,,blood bank,,,,,,,
abil,,,,va. can; n. ability; power; a. possible; probable; able; av. possibly; probably,,,,,,,
abil li,,,,av. maybe; possibly,,,,,,,
abil no abil,,,,"va. might, could; i. maybe, it's possible",,,,,,,
adala,,"ara:عَدْل, tur:adalet, may:adalat",,"n. justice; a. fair, just",,,,,,,
adamas,materi,,,diamond,,,,,,,
adi,,,,"v. add, append, affix, attach, join; add up, sum up; a. more, additional, further",,,,,,,加える
Afghan desa,desa,,,Afghanistan,,,,,,,
agar,,,,"v. suppose; a. hypothetical; n. supposition, hypothesis",,,,,,,
agni,,,,fire; flame,,,,,,,
agni?,zi,,A,"(letter) A; (note) a, la",,,,,,,
agro,,,,"v. cultivate, farm",,,,,,,
agro-tipo,tipo-logi,,,"(taxonomy) cultivar, agrotype",,,,,,,
ai,emot,zho:愛,,"v. like, love; a. dear, favorite",,,,,,,
aide,,,,"help, aid",,,,,,,
ais-kubo,,,,"freezer, ice-box",,,,,,,
Aiti desa,,,,Haiti,,,,,,,
akademi,,,,"n. academy, university, learned society; Academia; a. academic",,,,,,,
akrap,animal,"ara:عقرب, tur:akrep, may:akrab",Scorpiones,scorpion,,,,,,,
akse,,,,axis; axle,,,,,,,
alga,,,,algae; seaweed,alga,,,,,,
alkali,,,,n. alkali,,,,,,,
alkali-gusto,gusto,,,a. bitter,,,,,,,
alkol,,"eng:alcohol, spa:alcohol, por:álcool, rus:алкого́ль, tur:alkol, ara:كُحُول‎, fas:الکل‎, may:alkohol, jpn:アルコール",,n. alcohol; a. alcoholic,,,,,,,
alo,,,,other,,,,,,,
alo mara,,,,another time,,,,,,,
alo sei,,,,something else,,,,,,,
alo-fono,,,,allophone,,,,,,,
alo-genus,,,,"different, distinct",,,,,,,
alo-mara,,,,another time; again,,,,,,,
alo-sifa?,,,,"distinccion, difference, variacion, discrepancy, margin, balance",,,,,,,
alpaka,animal,,Lama pacos,alpaca,,,,,,,
alumin,materi,,Al,aluminum,,,,,,,
Amazona rivo,topia,,,Amazon river,,,,,,,
amen,,,,amen,,,,,,,
Amerika bara,topia,,,"America, the Americas",,,,,,,
Amerika desa,desa,,,United States of America,,,,,,,
Amerika mano basa,basa,,,American Sign Language (ASL),,,,,,,
amir,,,,command,,,,,,,
amir desa,,,,emirate,,,,,,,
amir zen,,,,commander,,,,,,,
amoniak,materi,,,ammonia,,,,,,,
Andora desa,desa,,,Andorra,,,,,,,
Angola desa,desa,,,Angola,,,,,,,
animal,animal,,,animal; meat,,,,,,,
animal-tabi,,,,"brutality, animal nature",,,,,,,
antena,,,,antenna,,,,,,,
anti,fang,"eng:anti-, spa:anti, rus:анти-, zho:反對",,"n.a. opposite, reverse, contrary, inverse; v. oppose, resist, counter",,,,,,,
anti-kul,,,,"uncool, unfashionable, lame, ugly",,,,,,,格好悪い
anti-mana,,,,antonym,,,,,,,
Antigua e Barbuda desa,desa,,,Antigua and Barbuda,,,,,,,
aple?,vegeta,,,apple,,,,,,,
aple?-sos?,,,,apple sauce,,,,,,,
Arab basa,basa,,,Arabic,,,,,,,
Arab basa dunia,topia,,,"Arab world, Arabic-speaking world",,,,,,,
Arab topia,topia,,,Arabia,,,,,,,
arane,animal,"spa:araña, por:aranha, fra:araignée, eng:arachnid",Araneae,spider,,,,,,,
arena,,,,sand,,,,,,,
arena-topia,,,,desert,,,,,,,
Argentina desa,desa,,,Argentina,,,,,,,
argento,materi,,Ag,silver,plata,,,,,,
argon,materi,,Ar,argon,,,,,,,
argu,,,,v. argue,,,,,,,
argu-teze,,,,"n. argument, point",,,,,,,
aris,vegeta,"eng:rice, por:arroz, spa:arroz, fra:riz, deu:Reis, rus:рис, tur:riz, ara:أرز",Oryzeae,rice,,,,,,,
Artsah desa,desa,,,Artsakh,,,,,,,
asman,,"tur:asuman, hin:आसमान, ben:আসমান, fas:آسمان, ara:سماء",,"n. sky, heavens; a. celestial, heavenly",,,,,,,
asman badan,,,,"heavenly body, celestial body",,,,,,,
asman-logi,,,,astronomy,,,,,,,
astelo,materi,"eng:steel, deu:Stahl, spa:acero, rus:сталь",,steel,,,,,,,
astro,,"eng:astro-, spa:astro, rus:астро-",,star,,,,,,,
Athina nagra,nagra,,,Athens,,,,,,,
atom,,,,atom,,,,,,原子,原子
atom energi,,,,nuclear energy,"energía atómica, energía nuclear",а́томная эне́ргия,"atom enerjisi, nükleer enerji",,tenaga nuklir,,原子力
atom fizika,,,,nuclear physics,,,,,,,
atom kerne,,,,atomic nucleus,,,,,,,
atom militar-gu,,,,nuclear weapon,,,,,,,
au,,"eng:ow, por:au, deu:au, rus:ай, tur:ah, may:aduh, zho:哎喲",,"vt. hurt, cause pain; vi. hurt, be in pain; a. painful, sore; n. pain; i. ouch, ow",,,,,,痛,痛い
audi,sensa,,,"n. hearing, audio; vt. hear; va. sound like",,,,,,,
audi-zen,,,,"audience, listener",,,,,,,
auro,materi,,Au,gold,oro,,,,,,
Australia desa,desa,,,Australia,,,,,,,
auto,,,,n. self,,,,,,,
auto-karma?,,,,a. automatic,,,,,,,
auto-krati,,,,autocracy,,,,,,,
auto-loga,,,,monologue,,,,,,,
auto-moto,,,,"car, automobile (see auto-moto-makin)",,,,,,,
auto-nomi,,,,a. autonomous; independent; n. autonomy; independence; self-governance; free will,,,,,,,
avari,,,,damage,,,,,,,
avena,vegeta,"spa:avena, por:aveia, fra:avoine",Avena,oat,,,,,,,
Azerbaican desa,desa,,,Azerbaijan,,,,,,,
Azia bara,topia,,,Asia,,,,,,,
azilo-zen,,,,refugee,,,,,,,
azilo?,,,,"shelter, asylum, refuge, haven, harbor",,,,,,,
baga,animal,,Panthera tigris,tiger,,,,,,,
Baha'i din,din,,,Bahaism,,,,,,,
Bahama desa,desa,,,the Bahamas,,,,,,,
Bahrain desa,desa,,,Bahrain,,,,,,,
bai,,,,v. lose; not win; n. loss,,,,,,,
bak,kolor,,,white,,,,,,,
bak-ban,,,,"whiteboard, dry-erase board",,,,,,,
ban,,zho:版,,"board, plank; sheet, plate, pane; slab, block",,,,,,,
Bangla basa,basa,,,Bengali language,,,,,,,
Bangla desa,desa,,,Bangladesh,,,,,,,
Bangla topia,topia,,,Bengal,,,,,,,
banke,,,,"v. store, save, stock, put away; n. storage",,,,,,,
banke-kan,kan,,,"bank, storehouse, depot, warehouse, repository",,,,,,,
banke-sei,,,,"stock, supply, reserve",,,,,,,
Bantu basa,basa,,,Bantu languages,,,,,,,
bar,,"eng:baro-, spa:baro-, rus:баро-, hin:भार, ben:ভর, may:berat",,"heavy, massive; burdened; intense; substantial",,,,,,,
bar do,,,,weight; pressure,,,,,,,
bar forti?,,,,gravity,,,,,,,
bar-hal,,,,"serious, grave, difficult",,,,,,,
bar-sei,,,,important,,,,,,,
bara,,,,land; continent,,,,,,,
Barat desa,desa,,,India,,,,,,,
Barat Pakistan hat basa,basa,,,Indo-Pakistani Sign Language,,,,,,,
Barbado(s?),,,,Barbados,,,,,,,
barbakoa,,,,barbecue,,,,,,,
barka-teze,,,,vt. congratulate,,,,,,,
barka?zukfuk?,,,,n. blessing; vt. bless; i. congratulations,,,,,,,
bas,,,,"av. enough; a. enough, sufficient; n. suficiency",,,,,,,
bas no,,,,"av. not enough; a. not enough, insufficient, deficient; n. deficit; deficiency",,,,,,,
basa,,,,"v. speak; n. language, speech, lect",,,,,,,
basa genus,,,,grammatical gender,,,,,,,
base,fang,,,"a. low, inferior; short; n. bottom, base; the area underneath something; av. down",,,,,,,
base-? baza?,,,,"n. base, basis; (chemistry) base",,,,,,,
base-fa,fang,,,"vi. descend, fall; vt. lower, demote; get off (a vehicle)",,,,,,,
baya,topia,"spa:baía, por:baya, eng:bay, fra:?",,bay,,,,,,,
bebe,,,,"baby, infant; babble",,,,,,,
bebe gurube,,,,piglet,,,,,,,
bebe kabalo,,,,pony,,,,,,,
bebe kuku,,,,chick,,,,,,,
bebe meme,,,,lamb,,,,,,,
bebe miau,,,,kitten,,,,,,,
bebe mou,,,,calf,,,,,,,
bebe vaf,,,,puppy,,,,,,,
Beiging nagra,nagra,,,Beiging,,,,,,,
Belarus desa,desa,,,Belarus,,,,,,,
Belgia desa,desa,,,Belgium,,,,,,,
Belize desa,desa,,,Belize,,,,,,,
Benin desa,desa,,,Benin,,,,,,,
beriliu,materi,,Be,berylium,,,,,,,
bet (merge with alo),,zho:別,,"a. different, distinct; separate; n. difference, distinction; separation",,,,,,,
bet-teze,,,,"distinguish, tell apart",,,,,,,
bi,,zho:比,,v. compare; n. comparison; ratio; a. relative,,,,,,,
bi-nomer,,,,"n. ratio, rate, proportion",,,,,,,
blabla,,,,"v.n. chat, babble, blather; i. blah blah blah",,,,,,,ペラペラ;おしゃべり
bok,,zho:北,,north,,,,,,,
bok Hanguk desa,desa,,,North Korea,,,,,,,
Bolgaria desa,desa,,,Bulgaria,,,,,,,
Bolivia desa,desa,,,Bolivia,,,,,,,
bon,,,,good,,,,,,,
bon-abil,,,,good; skillful; competent,,,,,,,
bon-rupa,,,,pretty; good-looking,,,,,,,
bon-tabi,,,,"kind, good-natured",,,,,,,
boro,materi,,B,boron,,,,,,,
boza,animal,"fas:بز, hin:बकरा, ben:বকরা, swa:mbuzi, nya:mbuzi, sho:mbudzi",Capra,goat,,,,,,,
brauza,,,,"explore, browse",,,,,,,
Brazavil Kongo desa,,,,Central African Republic,,,,,,,
Brazil desa,desa,,,Brazil,,,,,,,
Brítan nesia,topia,,,Brittain,,,,,,,
bromo,materi,,Br,bromine,,,,,,,
bronze,materi,"eng:bronze, por:bronze, spa:bronce, deu:Bronze, rus:бро́нза",,bronze,,,,,,,
Brunei desa,desa,,,Brunei,,,,,,,
Brusel siti,,,,Brussels,,,,,,,
buda,,,,"a. enlightened, awakened; vt. realize; vi. awaken",,,,,,,
Buda din,din,,,Buddhism,,,,,,,
buda ta,,,,n. enlightenment,,,,,,,
buda-zen,,,,n. Buddha,,,,,,,
buk,,,,"book, booklet, codex",,,,,,,
bula,,"may:buih, eng:bubble, hin:बुलबुला, ben:বুদ্বুদ, spa:burbuja, por:bolha, fra:bulle",,bubble,"burbuja, pompa",,,,,,
Burkina desa,desa,,,Burkina Faso,,,,,,,
bus,,,,"bus, omnibus, coach",,,,,,,
cahmat,cahmat,,,n. chess; i. checkmate,,,,,,,
cai,sui,"por:chá, rus:чай, tur:çay, ara:شاي, swa:chai, fas:چای, hin:चाय, ben:চা, zho:茶",,tea,,,,,,,
cai?,zi,,C,"(letter) C; (note) C, do",,,,,,,
cal,,,,shawl,,,,,,,
cam?,,,,afternoon; evening,,,,,,,
cama?,,,,v. collect; gather; n. collection,,,,,,,
Canggiang rivo,topia,,,"Yangtze River, Yangzi River",,,,,,,
catur,numer,,4,four,,,,,,,
catur penta fon,nomer,,4/5,four fifths,,,,,,,
catur-deka,nomer,,,forty,,,,,,,
catur-gon,forma,,,square; quadrangle; quadrilateral,,,,,,,
catur-rang muezi,,,,April,,,,,,,
caumen,yam,,,chow-mein,,,,,,,
cavap,,,,"answer, reply","respuesta, response",,,,,,"回答,答え"
cef,,,,"a. main, principal, chief, primary; n. chief, lord, boss, master",,,,,,,
Ceska desa,desa,,,Czechia (Czech Republic),,,,,,,
ci,materi,"zho:瓷, eng:china, hin:चीनी",,"porcelain, china",,,,,,,
Cile desa,desa,,,Chile,,,,,,,
cili,,,Capsaicin,n. chili pepper,,,,,,,
cili-gusto,gusto,,,"a. spicy, hot, pungent",,,,,,,
cili-so,,,,capsaicin,,,,,,,
cina,,,,porcelain; china,,,,,,,
cina-gu,,,,chinaware,,,,,,,
cit,nomer,,7,seven,,,,,,,
cit desi,nomer,,7/10,seven tenths,,,,,,,
cit-deka,nomer,,,seventy,,,,,,,
cit-rang muezi,vakat,,,yuly,,,,,,,
Comolangma san,topia,,,Mount Everest,,,,,,,
cufat,,zho:處罰,,v. punish; penalize; n. punishment; penalty,,,,,,,
cun,,zho:村,,"n. village, a. rural, rustic",,,,,,,
cun-zen,,,,villager,,,,,,,
dai,,,,"a. big, large",,,,,,,
dai baya,topia,,,gulf,,,,,,,
dai dau,,,,boulevard,,,,,,,
dai dom,,,,mansion,,,,,,,
dai-bara,topia,,,continent,,,,,,,
dai-dau,,,,thoroughfare,,,,,,,
dai-eskola-kan,,,,"university, college, academy",,,,,,,
dai-fen,,,,a. most; n. majority,,,,,,,
dai-mar,topia,,,ocean,,,,,,,
dai-pandu,,,,steep,,,,,,,
dai-re-forma,,,,"revolution, great change, cataclysm",,,,,,,
dai-sek,,,,boulder,,,,,,,
dai-soni,,,,loud,,,,,,,
dai-voze,,,,shouting,,,,,,,
data,,,,data,,,,,,,
data-banke,,,,database,,,,,,,
dau,,,,road,,,,,,,
Dau din,din,,,Daoism,,,,,,,
debe,,,,"va. must, ought to, have to; owe; should; a. mandatory",,,,,,,
debe-fa,,,,"vt. require, demand",,,,,,,
debe-sei,,,,"n. debt, obligation",,,,,,,
debe-teze,,,,"obligation, requirement, demand",,,,,,,
debe-tiket,,,,"invoice, bill",,,,,,,
Dehli nagra,nagra,,,Delhi,,,,,,,
deka,nomer,,d,ten,,,,,,,
deka-catur,nomer,,,fourteen,,,,,,,
deka-cit,nomer,,,seventeen,,,,,,,
deka-du,nomer,,,twelve,,,,,,,
deka-du-rang muezi,vakat,,,December,,,,,,,
deka-kilo,nomer,,,ten thousand,,,,,,,
deka-luk,nomer,,,sixteen,,,,,,,
deka-nen,nomer,,,decade,,,,,,,
deka-okto,nomer,,,eighteen,,,,,,,
deka-penta,nomer,,,fifteen,,,,,,,
deka-rang,nomer,,,tenth,,,,,,,
deka-rang muezi,vakat,,,October,,,,,,,
deka-tisa,nomer,,,nineteen,,,,,,,
deka-tri,nomer,,,thirteen,,,,,,,
deka-un,nomer,,,eleven,,,,,,,
deka-un-rang muezi,vakat,,,November,,,,,,,
delfin,animal,"eng:dolphin, spa:delfín, por:delfim, deu:Delfin, rus:дельфи́н, tur:dolfen, ara:دُلْفِين‎, may:dolfin",Delphinidae,dolphin,,,,,ikan dolfin,,海豚
demo,,,,people; populace,,,,,,,
den,,zho:點,,"n. dot, spot, speck, mark; point (geometry); point (score); period, full-stop; point, aspect, detail, part",,,,,,,
den-ban,,,,scoreboard,,,,,,,
den-nomer,,,,"score, grade, points",,,,,,,
desa,"topia, tipo-logi",,,country; state,,,,,,,
desi,nomer,,,one tenth,,,,,,,
Deuc basa,basa,,,German language,,,,,,,
Deuc desa,desa,,,Germany,,,,,,,
devo,,,,"n. god, deity; a. divine",,,,,,,
devo teori,teori,,,theism,,,,,,,
devo teori-zen,teori,,,theist,,,,,,,
devo-angil-zen,,,,"angel, heavenly messenger",,,,,,,
dia,,,,daytime; afternoon,,,,,,,
dia-medi,,,,"noon, midday",,,,,,,
din,,,,religion,,,,,,,
din-angil-zen,,,,missionary,,,,,,,
distrikto,"topia,tipo-logi","eng:district, spa:distrito, por:distrito, fra:district, deu:Distrikt, may:distrik",,"district, county, shire, okrug; district, quarter, sector, borrough, ward, quan; (taxonomy) class",,,,,,,
do,,,,"degree, level, grade",,,,,,,程度
doktor,,,,"doctor, expert",,,,,,,
dokumen,,,,document,,,,,,,
dom,,"eng:domestic, spa:domar, rus:дом",,"a. domestic; vi. live, reside",,,,,,,
dom-fa,,,,"vt. tame, domesticate",,,,,,,
dom-kan,,,,"house, home, residence",,,,,,,
dom-zen,,,,resident,,,,,,,
don,,,,v. give; n. gift; donation,,,,,,,
Druk desa,desa,,,Bhutan,,,,,,,
du,nomer,,2,two,,,,,,,
du fon,nomer,,,n. half; a. half,,,,,,,
du mara,,,,twice,,,,,,,
du penta fon,nomer,,2/5,two fifths,,,,,,,
du tri fon,nomer,,2/3,two thirds,,,,,,,
du-deka,nomer,,,twenty,,,,,,,
du-deka-du,nomer,,,twenty-two,,,,,,,
du-deka-penta,nomer,,,twenty-five,,,,,,,
du-deka-un,nomer,,,twenty-one,,,,,,,
du-hekto,nomer,,,two hundred,,,,,,,
du-kilo,nomer,,,two thousand,,,,,,,
du-loga,,,,dialogue,,,,,,,
du-plika,,,,"double, duplicate",,,,,,,
du-plika? viktor?,zi,,W,(letter) W,,,,,,,
du-rang,,,,second,,,,,,,
du-rang muezi,,,,February,,,,,,,
du-siklo,,,,bicycle (see du-siklo-makin),,,,,,,
duka,emot,,,"a. sad; n. sadness, grief, sorrow, woe (see *duka ta*); v. grieve",,,,,,,
duka-?,,,,tragedy,,,,,,,
duka-fa,emot,,,v. sadden,,,,,,,
dunia,topia,,,"n. world; a. global, international",,,,,,,
Dunia planeta,kosmo,,,planet Earth,,,,,,,
dus,,,,bad; evil,,,,,,,
dus-abil,,,,bad; poor; incompetent,,,,,,,
dus-rupa,,,,ugly,,,,,,,
dus-teze,,,,"vt. condemn, denounce, censure","v. condemnar, denunciar, censurrar",,,,,,
e,basa-regla,,,pp. with; cj. and,,,,,,,と
e hata,,,,and also,,,,,,,
eda? ye? ya? tamben?,,,,"av. also, too; as well; either",,,,,,,
Eire desa,desa,,,Ireland,,,,,,,
ekse,zi,,X,,,,,,,,
eksenon,materi,,Xe,xenon,,,,,,,
elektri,,,,n. electricity; a. electric,,,,,,,
elektri-magnet,,,,electromagnet,,,,,,,
emosi,emot,"eng:emotion, spa:emoción, rus:эмо́ция, may:emosi",,"emotion, passion",,,,,,,
Engle basa,basa,,,English language,,,,,,,
Engle basa dunia,topia,,,English-speaking world,,,,,,,
Engle desa,desa,,,England,,,,,,,
eni,,,,"any, whichever",,,,,,,
eni agar li,,,,"no matter what, in any case",,,,,,,
eni alo,,,,any other,,,,,,,
eni alo sei,,,,anything else,,,,,,,
eni sei,,,,anything,,,,,,,
eni vakat na,,,,"ever, at any time",,,,,,,
eni zen,zen,,,anyone,,,,,,,
es,fang,,,n. outside; a. outer; av. out,,,,,,,
es-?,,,,"eject, shoot out",,,,,,,
es-fa,fang,,,"vi. exit; emerge; go out; vt. expell, remove, take out",,,,,,,
es-klama?,,,,exclaim; call out; shout; yell,,,,,,,
es-kluzi,,,,v. exclude; a. exclusive; n. exclusion,,,,,,,
es-migra,,,,v. emmigrate,,,,,,,
es-mon,,,,"exit, egress, way out",,,,,,,
es-porto,,,,export,,,,,,,
es-trakto,,,,extract; pull out,,,,,,,
eskal,,,,climb,,,,,,,
eskarabe,animal,,Coleoptera,beetle,,,,,,,
eskola,,,,n. lesson; v. learn,,,,,,,
eskola basa,,,,acquired language; second language,,,,,,,
eskola-kan,,,,"school, academy",,,,,,,
eskola-ki,,,,school term,,,,,,,
eskola-zen,,,,"student, scholar, learner",,,,,,,
eskulpe-gu? cizmel?,,,,chisel,,,,,,,
Espania basa,basa,,,Spanish language,,,,,,,
Espania desa,desa,,,Spain,,,,,,,
estaniu,materi,,Sn,tin,,,,,,,
Eurazia bara,topia,,,Eurasia,,,,,,,
Europa bara,topia,,,Europe,,,,,,,
fa,,,,"vt. change; vi. change; va. turn, become, come to; sf. -ify, -ize",,,,,,,"変化,変わり,為る"
fa-nomer,,,,"n. factor, coefficient",,,,,,,
fai,,,,n. garbage; trash; waste; refuse v. discard; dispose of; throw away,,,,,,,
faida li?,,,,for the benefit of; for the sake of; on behalf of,,,,,,,
fakto,,,,fact,,,,,,,
false,,"eng: false, spa: falso, rus:фальшивый",,"n. lie, falsehood; a. false, untrue",,,,,,,
false-fa,,,,falsify,,,,,,,
false-teze,,,,"lie, tell a lie",,,,,,,
famili,"famili,tipo-logi","eng:family, spa:familia, por:família, fra:famille, deu:Familie, rus:фами́лия, swa:familia, tur:familya, may:famili",,n. family; (taxonomy) family,,,,,,,
fang,,zho:方,,"n. direction, way, orientation; side (of a line, argument, etc.), party; a. direcitonal, partisan; sf. how to, directions for; (emphasizes contrasting options in a comparison)",,,,,,,
Fars basa,basa,,,"Persian language, Farsi",,,,,,,
fas,,,,surface; face; side,,,,,,,
fasil,,,,"a. easy, simple",fácil,,,,,,
fasil-fa,,,,"facilitate, make easy",,,,,,,
fason gazeta,,,,fashion magazine,,,,,,,
fatura,,,,bill; invoice,,,,,,,
feisang,,zho:飛翔,,v. fly,,,,,,,
feisang-makin-tiketa,,,,plane ticket,,,,,,,
feisang-makin? air-nave?,,,,airplane,,,,,,,
fem,zen,,,a. female; n. woman,,,,,,,
fero,materi,,Fe,iron,hierro,,,,,,
fero-oksido,materi,,,rust,,,,,,,
fes-gu,,,,,,,,,,,
fes-niama,,,,fish meat,,,,,,,
festa,,,,n. celebration; festival,,,,,,,
festa-nit,,,,holiday,,,,,,,
fikir,,,,v. think; n. thought,,,,,,,
Filastin desa,,,,Palestine,,,,,,,
fin,,,,"v. end, finish, terminate, conclude; n. end, ending; a. final",,,,,,,終了
flor,,"eng:flower, por:flor, spa:flor, fra:fleur, hin:फूल, ben:ফুল",,"n. flower, blossom; v. bloom",,,,,,,
flor-mosim,mosim,,,"spring, springtime",,,,,,,
flu,,,,v. flow; n. fluid,,,,,,,
flu tei,,,,"n. liquid, fluid","n. líquido, fluido",,,,,,flu tei
flu-metal,materi,,Hg,"mercury, quicksilver",,,,,,,
fluor,materi,,F,fluorine,,,,,,,
fobi,emot,,,"a. afraid; v. fear; n. fear, fright (see *fobi ta*)",,,,,,,
fobi-fa,emot,,,"v. scare, frighten",,,,,,,
fon,,zho:分,,"a. partial; n. part, fraction",,,,,,,
fon-bara,,,,subcontinent,,,,,,,
fon-bol,,,,hemisphere,,,,,,,
fon-devo,,,,demigod,,,,,,,
fon-fa,,,,"vi.vt. divide, part, split, separate",,,,,,,
fon-gola,,,,semicircle,,,,,,,
fon-nen,,,,semester,,,,,,,
fon-nesia,,,,peninsula,,,,,,,
fong-kasa,,,,(manmade) beehive,,,,,,,
fong-nizdo,,,,"bee nest, (natural) beehive",,,,,,,
fono,,,,"n. sound; vi. make a sound; vt. pronounce, articulate",,,,,,,
fono-so,,,,phoneme,,,,,,,
formika,animal,"por:formiga, spa:hormiga, fra:fourmi",Formicidae,ant,,,,,,,
Franse basa,basa,,,French language,,,,,,,
Franse basa dunia,topia,,,"French-speaking world, Francophonie",,,,,,,
Franse desa,desa,,,France,,,,,,,
Franse desa,desa,,,France,,,,,,,
frente,fang,,,"n. front; a. fore, forward, anterior; av. forward, forth",,,,,,,
frente-fa,fang,,,"vi. advance, go forth",,,,,,,
fundi? yung?,,,,melt; dissolve,,,,,cair; lebur,,
furi,emot,,,"a. angry, furious, upset; n. anger; fury",,,,,,,
furi-fa,emot,,,"v. anger, upset",,,,,,,
furno,,"eng:furnace, fra:four, spa:horno, por:forno, ara:فرن‎, rus:горн, tur:fırın",,fireplace; hearth; furnace; oven; kiln; boiler; reactor,,,,,,,炉
futur,,,,future,,,,,,,
ga,basa-regla,,,by (subject postposition),,,,,,,が
gadum,vegeta,"hin:गेहूं, ben:গম, fas:گندم, may:gandum",Triticum,wheat,,,,,,,
galat fasil,,,,"easy to mess up, easy to do wrong",,,,,,,
galat muskil,,,,"hard to mess up, hard to do wrong",,,,,,,
gan?,,jpn:ガーン,,"n. surprise, shock; i. oh, what, oh my god, what a shock",,,,,,,
gan?-fa,,,,"vt. surprise, shock; vi. be surprised; a. surprising, shocking",,,,,,,
gan?-mosim,,,,dry season,,,,,,,
ganhi?,,zho:關係,,"n. relation, link, connection, relevance; influence, effect; relation, kinship",,,,,,,
gansek?,,,,"rock, stone",,,,,,,
gaza,animal,,,elephant,,,,,,,
gazeta,,,,periodical; journal; magazine; gazette; paper,,,,,,,
gazeta-zen,,,,journalist,,,,,,,
geding,,zho:決定,,"a. set, fixed, certain, decided, definite, firm",,,,,,,
geding-fa,,,,"v. set, fix, decide, define, determine, confirm",,,,,,,
gen? basa,,,,native language; first language,,,,,,,
Geneve siti,,,,Geneva,,,,,,,
geng?,,,,"av. more, additional, extra, added; also, additionally, too; a. more, further",,,,,,額外,もっと
genus,,,,"n. class, category; v. classify, categorize, sort",,,,,,,
genus,,,,"gender, genus, type",,,,,,,性
genus,,,,"kind, sort, gender; (taxonomy) genus",,,,,,,
geo,,,,"ground; earth, soil",,,,,,,
geo-gu,,,,earthenware,,,,,,,
geo-paste?,materi,,,clay,,,,,,,
geo-sana,,,,"earthen, made of clay",,,,,,,
gida,,"eng:guide, spa:guía, rus:гид",,guide,,,,,,,
gida-pin,,,,compass,,,,,,,
giga,nomer,,G,a. one billion; gigantic; pf. giga-,a. mil millón; pf. giga-,,,,,,
giga-zen,,,,"giant, titan",,,,,,,
giuk,materi,"zho:玉, may:giok",,jade,,,,,,,
go,,,,that; thus,,,,,,,
go alo li,,,,"besides, other than that, in addition",,,,,,,他に
go fang li,,,,"thus, in that way, like that",,,,,,,
go fem,,,,"that woman; she, her",,,,,,,
go fem di,,,,"her, hers",,,,,,,
go hal,,,,"thus, so, that way",,,,,,,
go loga li,fraze,,,"in other words, that is to say, so then",,,,,,,
go nam,,,,"that man; he, him",,,,,,,
go nam di,,,,his,,,,,,,
go poli,,,,those,,,,,,,
go poli zen,,,,"those people; they, them (referring to a group)",,,,,,,
go poli zen di,,,,their,,,,,,,
go sabap ze,fraze,,,"therefore, so, because of that",,,,,,,
go sei,,,,that thing; it,,,,,,,
go sei di,,,,its,,,,,,,
go super na,fraze,,,"on top of that, in addition, what's more",,,,,,,その上
go tema na,,,,"about that, speaking of which",,,,,,,
go yang di,,,,"thus, that kind of",,,,,,,
go zen,zen,,,"that person; they, them (referring to one person); she, her; he, him",,,,,,,
go zen di,zen,,,"their (referring to one person); her, hers; his",,,,,,,
go-auto,,,,themself; herself; himself; itself,,,,,,,
go-auto di,,,,"her own, his own, their own, its own",,,,,,,
go-pan-auto,,,,themselves,,,,,,,
go-pan-auto di,,,,their own,,,,,,,
gol na,,,,in order to; with the goal of,,,,,,,
gola,"fang,forma",,,n. circle; a. round; av. around,,,,,,,
grafi,,,,"n. picture, image; v. draw",,,,,,,
gram,metro,,,gram,,,,,,,
grose,,,,wide; thick; fat,,,,,,,
gu,,,,tool; instrument; implement; utensil; organ; -ware,,,,,,,
Guangdong basa,basa,,,Cantonese,,,,,,,
Guangdong basa,basa,,,Cantonese,,,,,,,
Guangzou nagra,nagra,,,"Guangzou, Canton",,,,,,,
Gunagdong vilaya,topia,,,Guangdong,,,,,,,
gurube,animal,"swa:nguruwe, zul:ingulûbe, sot:kolobe, tsn:kolobe, shona:nguruwe, kinyarwanda:ingurube",Sus domesticus,"pig, boar",,,,,,,
gurube-niama,,,,pork,,,,,,,
gusto,sensa,,,taste; flavor,,,,,,,
habar gazeta,,,,newspaper,,,,,,,
hafaza,,,,"keep, hold, conserve, preserve; protect, guard; save",,,,,,,
hafaza-sito,,,,sanctuary,,,,,,,
hakim,,,,v. judge; n. judgement,,,,,,,
hakim-zen,hakim,,,judge,,,,,,,
hal,,"ara:حال, swa:hali, tur:hal, may:hal, fas:حال, hin:हाल, ben:হাল",,"status, state, condition, way",,,,,,,
halal,,,,"va. may, can; i. go ahead, fine, okay",,,,,,,
halal no,,,,"va. may not, cannot, must not; i. no way, that's no good",,,,,,,
halal no-fa,,,,"vt. forbid, disallow",,,,,,,
halal-fa,,,,"vt. allow, permit",,,,,,,
halal-teze,,,,"n. permission, blessing, green light",,,,,,,
halo,,,,v. greet; n. greeting; i. hello,,,,,,,
hama,,,,hammer,,,,,,,
Han basa,basa,,,Chinese languages,,,,,,,
Han basa,basa,,,Chinese languages,,,,,,,
Han desa,desa,,,China,,,,,,,
Hanguk basa,basa,,,Korean language,,,,,,,
hanlong,,zho:寒冷,,"cold, cool",,,,,,,格好いい
hanlong-kubo,,,,refrigerator,,,,,,,
hanlong-magzin,,,,"cold storage, refrigeration",,,,,,,
hanlong-mosim,mosim,,,winter,,,,,,,
hargos,animal,"hin:ख़रगोश, ben:খরগোশ, fas:خرگوش",Leporidae,"rabbit, hare, bunny",,,,,,,
hat,,"eng:hand, deu:Hand, hin:हाथ, ben:হাত",,hand,,,,,,,
hat basa,,,,"sign language, signed language",,,,,,,
hata,,"ara:حتى, fas:حتی‎, tur:hatta, swa:hata, spa:hasta, por:até",,"av. even; both, too",también; ambos,,,,,,も
hata un,,,,"any, any at all",,,,,,,
hatar,,"hin:ख़तरा, swa:hatari, ara:خطر, fas:خطر‎, ben:খতরা",,n. danger; a. dangerous; i. watch out; look out,,,,,,,
hava,,"ara:هَوَاء, tur:hava, hin:हवा, may:hawa, fas:هوا‎, swa:hewa, ben:হাওয়া",,n. wind; v. blow,,,,,,,
Havai'i vilaya,topia,,,Hawaii,,,,,,,
Haya desa,desa,,,Armenia,,,,,,,
hekto,nomer,,h,one hundred,,,,,,,
hekto-kilo,nomer,,,one hundred thousand,,,,,,,
hekto-nen,,,,century,,,,,,,
heliu,materi,,He,helium,,,,,,,
henzai,,zho:現在,,"present, current","actual, presente",,,,,,
henzai na,,,,"now, at the moment; still, even now; yet",,,,,,,
henzai-versi,,,,n. current version; a. up-to-date,,,,,,,
Hercegovina desa,desa,,,Herzegovina,,,,,,,
herts,,,,Hertz,,,,,,,
hevan,animal,,Animalia,animal,,,,,,,
hidro,materi,,H,hydrogen,,,,,,,
Hindu basa,basa,,,Hindi,,,,,,,
Hindu din,din,,,Hinduism,,,,,,,
Hrovat desa,desa,,,Croatia,,,,,,,
huang,kolor,,,yellow,,,,,,,
huang kesa,,,,a. blonde,,,,,,,
huang kesa zen,,,,blonde,,,,,,,
Huang rivo,topia,,,Yellow River,,,,,,,
hur,,,,"a. free, independent; n. freedom, liberty, independence",,,,,,,
hur-fa,,,,"v. free, liberate",,,,,,,
idiot,,,,a. stupid; idiotic; n. idiot,,,,,,,
ifuk,,zho:衣服,,n. clothes; v. wear,,,,,,,
ifuk-fa,,,,v. put on,,,,,,,
Igbo basa,basa,,,Igbo language,,,,,,,
ihtisar,,"ara:اختصار, fas:اختصار, tur:ihtisar, may:ikhtisar",,"summary, abstract, synopsis, overview, outline, epitome, gist; abbreviation",resumen,конспект,özet,सारांश,"abstrak, ikhtisar, intisari",摘要,概要
imbura,,"swa:mvua, nya:mvula, sho:mvura, xho:ímvûla, zul:ímvûla, sot:pula, tsn:pula",,,,,,,,,
imbura-mosim,,,,"rainy season, monsoon",,,,,,,
imperi,,,,n. empire (see *imperi desa*); a. imperial,,,,,,,
imperi zen,,,,emperor,,,,,,,
in,fang,,,n. inside; a. inner; av. in,,,,,,,
in li,,,,into,,,,,,,
in-?,,,,"inject, shoot in",,,,,,,
in-fa,fang,,,"vi. enter, go in; vt. insert, put in",,,,,,,
in-flu,,,,influx,,,,,,,
in-kluzi,,,,v. include; a. inclusive; n. inclusion,,,,,,,
in-migra,,,,v. immigrate,,,,,,,
in-mon,,,,"entrance, entryway, way in",,,,,,,
in-porto,,,,import,,,,,,,
in-tiketa,,,,entry ticket,,,,,,,
indigo,,,,indigo,,,,,,,
Indonesia basa,basa,,,Indonesian language,,,,,,,
Indonesia desa,desa,,,Indonesia,,,,,,,
insan-yam,,,,cannibalism,,,,,,,
insan-yam-zen,,,,cannibal,,,,,,,
insekto,animal,"eng:insect, spa:insecto, por:inseto, deu:Insekt, fra:insecte",Insecta,"insect, bug",,,,,,,
inzi,animal,"swa:nzi, kinyarwanda:isazi",Brachycera,fly (insect),,,,,,,
iodo,materi,,I,iodine,,,,,,,
Irak desa,desa,,,Iraq,,,,,,,
Iran desa,desa,,,Iran,,,,,,,
iridiu,materi,,Ir,iridium,,,,,,,
iris (ire?? iride?),,,,rainbow,,,,,,,
islam,,,,"v. submit, yield, obey",,,,,,,
Islam din,,,din,Islam,,,,,,,
Isra'el desa,,,,Israel,,,,,,,
Istánbul nagra,,,,Istanbul,,,,,,,
Ivuar desa,,,desa,Côte d'Ivoire (Ivory Coast),,,,,,,
kabalo,"animal,cahmat","spa:caballo, por:cavalo, fra:cheval",Equus ferus caballus,horse; (chess) knight,,,,,,,
kabalo-zen,,,,centaur,,,,,,,
Kabu Verdi desa,desa,,,Cabo Verde (Cape Verde),,,,,,,
kadmiu,materi,,Cd,cadmium,,,,,,,
kafe,yam,,,coffee,,,,,,,
kafe,,,,coffee,,,,,,,
kafe-kan,,,,cafe,,,,,,,
kafe-so,materi,,,caffeine,,,,,,,
kaisi,,zho:開始,,"v. start, begin, commence; n. start, beginning; a. starting, initial",,,,,,,開始
kakau kesa,,,,a. brunette,,,,,,,
kakau kesa zen,,,,brunette,,,,,,,
kaliu,materi,,K,potassium,,,,,,,
Kambucia desa,desa,,,Cambodia,,,,,,,
Kamerun desa,desa,,,Cameroon,,,,,,,
kan,,,,"n. building; sf. -shop, -hall, -lodge, -house",,,,,,,
Kanada desa,desa,,,Canada,,,,,,,
kanca,,,,glass,,,,,,,
kanca-sana,,,,"glass, made of glass",,,,,,,
kanca?,materi,,,,,,,,,,
kanca?-gu,,,,glassware,,,,,,,
kanoa,,,,canoe,,,,,,,
kaos,,,,chaos,,,,,,,
kapa-yam,,,,"vt. predate, prey; n. predation",,,,,,,
kapa-yam-zen,,,,"hunter, predator",,,,,,,
karbo,materi,,C,carbon,,,,,,,
karbo-du-oksido,materi,,,carbon dioxide,,,,,,,
kariba,,,,a. near; close; n. proximity; i. welcome,,,,,,,
kariba-fa,,,,vi. approach; enter,,,,,,,
kariba-fas,,,,shallow; superficial,,,,,,,
karma fang,,,,"way, method, means; instructions, directions",,,,,,,
karma??,,,,"vt. do, perform, commit, execute, carry out; make, create; make, cause; vi. act; n. deed, act, action","a. hecho; v. hacer, dar",,,,,做,"為る,行う"
karsi,,,,rough; coarse; abrasive,,,,,,,
karsi-toc,,,,a. rough; violent; v. roughhouse; manhandle,,,,,,,
karta,,,,card,,,,,,,
karte-ban,,,,cardboard,,,,,,,
kasa,,"eng:case, spa:caja, fra:cas, por:caixa, rus:ка́сса",,"box, basket, bucket, case, chest, crate, capsule, container",,,,,,,
kat,,,,"v. cut, shear",,,,,,,
kat-fen,,,,"n. section, slice, cut, part",,,,,,,
kat-gu,,,,shears; scissors; knife; scalpel,,,,,,,
kata,,,,n. story; v. tell; narrate,,,,,,,
Katar desa,desa,,,Qatar,,,,,,,
Kau Dai din,din,,,Caodaism,,,,,,,
kaucuk,materi,,,rubber,,,,,,,
kaya-yam-target?,,,,prey,,,,,,,
kayak,,,,kayak,,,,,,,
Kazak desa,desa,,,Kazakhstan,,,,,,,
ke fang,,,,which (of a set of options),,,,,,,
ke fang li,,,,"how, in what way, by what method",,,,,,,
ke hal,,,,"how, what condition",,,,,,,
ke poli,,,,how much,,,,,,,
ke sabap ze,,,,why,,,,,,,
ke sat,,,,what time,,,,,,,
ke sei,basa-regla,,,what,,,,,,,
ke sito li,,,,"where, to which place, whither",,,,,,,
ke sito na,,,,"where, at which place",,,,,,,
ke sito ze,,,,"where, from which place, whence",,,,,,,
ke un,,,,which (of a group),,,,,,,
ke vakat na,,,,when,,,,,,,
ke yang di,,,,what kind of,,,,,,,
ke yang li,,,,"how, in what way, in what manner",,,,,,,
ke zen,zen,,,"who, whom",,,,,,,
ke zen di,,,,whose,,,,,,,
keizuk,,zho:継続,,"vi. continue, carry on; vt. continue, resume; va. keep, continue",,,,,,,続行
kek,,,,"n. visit; v. visit, stay",,,,,,,
kek-zen,,,,"n. client, patron, customer; guest, visitor; passenger",,,,,,,
kerami,materi,,,ceramic,,,,,,,
kerne ?,,,,nuclear fusion,,,,,,,
kerne famili,,,,nuclear family,,,,,,,
kerne? nukleo?,,,,"core, nucleus, kernel, pit, seed, stone, nut",,,,,,,
kesa(kec?),,,,"hair, fur",,,,,,,
ki?,,zho:期,,"period, term, time, age, era, stage",,,,,,,
kian,kolor,,,cyan,,,,,,,
kilo,"nomer, zi",,k,a. one thousand; pf. kilo-; (letter) K,a. mil; pf. kilo-,,,,,,
kilo-gram,metro,,,kilogram,,,,,,,
kinema,,,,motion; movement; activity,,,,,,,
kinema,,,,"n. motion; animation; v. move, animate; a. moving, animated",,,,,,,
kinema energi,,,,kinetic energy,,,,,,,
kinema-graf,,,,movie; moving picture,,,,,,,
kinema-grafi,,,,"movie, video, film, cartoon",,,,,,,
kinema-kan,kan,,,movie theater,,,,,,,
Kinsasa Kongo desa,desa,,,Democratic Republic of the Congo,,,,,,,
kio???,,,,"v. request, ask (a favor); n. request",,,,,,,
Kipris desa,desa,,,Cyprus,,,,,,,
kisma,,"ara:قِسْمَة, hin:किस्मत, tur:kısmet, may:kismat, fas:قسمت",,fate,,,,,,,運命
kitap,,,,"v. write; n. book, paper, work; text, writing",,,,,,,
kitap-gu,,,,"stationary, writing supplies",,,,,,,
kitap-meza,,,,writing desk,,,,,,,
klama?,,,,v. call; summon; hail; invoke,,,,,,,
klare-teze,,,,clarification,,,,,,,
kliente-pan,,,,clientele,,,,,,,
klin,,,,diagonal; slanted; sloping; oblique; tilted,,,,,,,
kloro,materi,,Cl,chlorine,,,,,,,
kluzi,,,,v. close; a. closed,,,,,,,
kobalto,materi,,Co,cobalt,,,,,,,
Kolombia desa,desa,,,Colombia,,,,,,,
kolor,,,,n. color; a. colorful; sf. -colored,,,,,,,"色彩,色"
Komoro(s?) desa,desa,,,Comoros,,,,,,,
kon,fang,,,av. together,,,,,,,
kon-fas,fang,,,vi. come together; vt. bring together,,,,,,,
kon-fas,,,,n. face-off; confrontation; v. face; confront,,,,,,,
kon-kluzi,,,,v. wrap-up; conclude; n. conclusion,,,,,,,
kon-mal,,,,share,,,,,,,
Kongo topia,,,,the Congo,,,,,,,
kontrol,,"eng:control, spa:control, fra:contrôle, por:controlo, rus:контро́ль, tur:kontrol, may:kontrol, jpn:コントロール, hin:कंट्रोल",,"v. control, dictate, rule; restrict; n. control, influence, authority",,,,,,,
kontrol-fa,,,,"vt. take control, take over, dominate",,,,,,,
kontrol-makin,,,,"controller, controls",,,,,,,
kopi,,"eng:copy, por:cópia, spa:copia, fra:copie, deu: Kopie, zho:拷貝, jpn:コピー, rus:копия",,"copy, duplicate","n. copia; v. copiar, duplicar",,,,,,"コピー,複製"
kore,karma,,,v. run; n. run; current (see *kore sei*); course (see *kore dau*),,,,,,,
korko,,,,cork,corcho,,,,,,
korko-ban,,,,corkboard,,,,,,,
kosmeti,,,,"n. makeup, cosmetics; v. makeup, dress up, disguise",,,,,,,
Kostarika desa,desa,,,Costa Rica,,,,,,,
krabe,animal,"eng:crab, rus:краб, ara:كبوريا",Brachyura,crab,,,,,,,
krede,,,,believe,,,,,,,
kripton,materi,,Kr,krypton,,,,,,,
kristo,,,,"christ, messiah",,,,,,,
Kristo din,din,,,Christianity,,,,,,,
Kristo din-zen,din,,,Christian,,,,,,,
krizantem,,,,chrysanthemum,,,,,,,
krize,,,,crisis,,,,,,,
krus,fang,,,"vt. cross, transit; n. crossing",,,,,,,
krus-forma,forma,,,"n. cross, plus, X",,,,,,,
krus-metro,,,,diameter,,,,,,,
Kuba desa,desa,,,Cuba,,,,,,,
kuku,animal,"swa:kuku, xho:inkukhu, zul:inkukuh, sotho:kgoho, tsn:kgogo, shona:huku, kinyarwanda:inkoko, malagasy:akoho, rus:ко́кошь",Gallus gallus domesticus,"chicken, fowl, hen, rooster",,,,,,,
kukuruku,,,,i. cock-a-doodle-doo,,,,,,,
kul,,"eng:cool, cmn:酷, fra:cool, spa:cool, deu:cool",,"cool, neat, stylish, fashionable, attractive",,,,,,,
kupa?,zi,,Q,,,,,,,,
kupre,materi,,Cu,copper,,,,,,,
labor,,,,"vt. work on; vi. work, labor; function; np. work, job, labor",n. trabajo; v. trabajar,,,,,工作,"働き,仕事"
labor-kan,kan,,,workshop,,,,,,,
labor-meza,,,,"worktable, desk",,,,,,,
lai,fang,,,vi. come; av. here,,,,,,,
lakin,,,,but,,,,,,,
lako,topia,"eng:lake, spa:lago, por:lago, fra:?",,lake,,,,,,,
lakte,,,,milk,,,,,,,
lakte-so,,,,lactose,,,,,,,
lana,,,,"n. curse; vt. curse; i. no, fuck, curses",,,,,,,
lansa,,,,spear; lance; javelin,,,,,,,
latif,,,,"a. kind, nice, friendly, polite; v. do a favor; i. please",,,,,,,
latif-karna,,,,"n. kindness, favor",,,,,,,
latif-ta,,,,"n. kindness, politeness",,,,,,,
Latin basa,basa,,,"Latin, Romance languages",,,,,,,
legu,,"eng:light, spa:ligero, deu:leicht, rus:лёгкий, hin:लघु, ben:লঘু",,"light, lightweight, weak; mild; insubstantial",,,,,,,
legu-?,,,,"agile, nimble",,,,,,,
legu-hal,,,,"easy, light",,,,,,,
legu-sei,,,,trivial,,,,,,,
leiden,,zho:雷電,,lightning; thunder,,,,,,,
li,basa-regla,,,"to, for, at; -ly",,,,,,,へ、まで、に
liama,animal,,Lama glama,llama,,,,,,,
liber,,,,"a. free; v. free, set free",,,,,,,
liber ta,,,,n. freedom,,,,,,,
libra,metro,,,pound (unit of weight); pound sterling (unit of currency),,,,,,,
lik,,,,force; strength; might; vigor; energy,,,,,,,
liksi,eskola,zho:歷史,,history,,,,,,,
lin,,,,neighbor,,,,,,,
linse,animal,,Lynx,lynx,,,,,,,
lio,,,,"a. done, over; former, ex-; n. result; av. (past tense marker)",,,,,,,
liste,,,,list,,,,,,,
litiu,materi,,Li,lithium,,,,,,,
liu,,zho:了,,"a. done, over, complete",,,,,,,
liu li,,,,previously; already; anymore,,,,,,,
liung,animal,,,dragon,,,,,,,
loga,,,,"v. say; tell; n. speech, talk; utterance, statement, remark",,,,,,,
loga sut,,,,"discourse, speaking, expression of thoughts and ideas",,,,,,,
loga-liste,,,,dictionary; glossary,,,,,,,
loga-so,,,,word,,,,,,,
logi,logi,,,"v. study, research, investigate; n. study, science, investigation",,,,,,,
logi gazeta,,,,academic journal; scientific journal,,,,,,,
logi-kan,kan,,,laboratory,,,,,,,
logi-zen,pei-karma,,,scientist,,,,,,,
London nagra,nagra,,,London,,,,,,,
luk,nomer,,6,six,,,,,,,
luk-deka,nomer,,,sixty,,,,,,,
luk-gon,,,,hexagon,,,,,,,
luk-rang muezi,varat,,,June,,,,,,,
lunsot?,,zho:論説,,"discourse, discussion, debate",,,,,,,
maci,animal,"hin:मछली, ben:মাছ",,fish,,,,,,,
magenta,kolor,,,magenta,,,,,,,
Maghreb desa,desa,,,Morocco,,,,,,,
magi?-teze,,,,spell; magic word,,,,,,,
magnet,,,,n. magnet; a. magnetic,,,,,,,
magneziu,materi,,Mg,magnesium,,,,,,,
mais,vegeta,,?,"maize, corn",,,,,,,
Maka nagra,nagra,,,Mecca,,,,,,,
makina,,,,"machine, device, apparatus",,,,,,,
makina-tipo,,,,"model, line",,,,,,,
mana(merge with nia or razon or signo?),,,,"n. meaning, significance; vt. mean, signify",,,,,,,
mani?,vegeta,,,peanut,,,,,,,
mani?-sos?,,,,peanut butter,,,,,,,
manioka,vegeta,"spa:mandioca, swa:muhogo, tur:manyok, rus:маниока, por:mandioca",Manihot esculenta,"cassava, manioc, yuca",,,,,,,
mar,topia,"spa:mar, rus:мо́ре, deu:Meer",,sea,,,,,,,
mara,,,,time; turn; instance,,,,,,,
Marati basa,basa,,,Marathi,,,,,,,
Marati vilaya,topia,,,Maharashtra,,,,,,,
maret,,"eng:mallet, spa:martillo, por:martelo, rus:молот, may:martil",,hammer; mallet,,,,,,,
margarit,,,Bellis,daisy,,,,,,,
marifa,,"ara:معرفة, fas:معرفت, swa:maarifa, tur:marifet, may:makrifat",,v. know; n. knowledge; science; a. known,saber; conocer,,,,,,"知識,知る"
Marze planeta,kosmo,,,Mars,,,,,,,
mas sau,,,,less; fewer,,,,,,,
materi,,,,material,,,,,,,
medi (inter?),,,,n. interval; middle; a. medium,,,,,,,
medi na (inter na?),,,,between; among,,,,,,,
medi-loga,,,,dialogue,,,,,,,
medika-zen?dava-zen?,pei-karma,,,"doctor, nurse, healer",,,,,,,
medika?dava?,,,,"v. heal, treat, nurse; n. medicine, healing, treatment; a. medical",,,,,,,
mega,nomer,,M,a. one million; pf. mega-,a. millón; pf. mega-,,,,,,
Méhiko desa,desa,,,Mexico,,,,,,,
mei,,,,a. beautiful,,,,,,,
mei ta,,,,n. beauty,,,,,,,
mei-sut,,,,fine arts; art,,,,,,,
mei-sut muzeo,kan,,,"art museum, art gallery, art exhibition",,,,,,,
mei-sut-kan,kan,,,"art museum, art gallery, art exhibition",,,,,,,
mei-sut-zen,pei-karma,,,artist,,,,,,,
meidan,,,,"square, plaza, mall; clearing, meadow",,,,,,,
meimun,animal,"ara:مَيْمُون‎, fas:میمون, tur:maymun, ell:μαϊμού, spa:mono",Simiiformes,"monkey, ape",,,,,,,
mel?-zum,animal,,,honeybee,,,,,,,
Melayu basa,basa,,,Malay language,,,,,,,
meme,,,,"sheep, ram",,,,,,,
meme-niama,,,,mutton,,,,,,,
memori,,"eng:memory, spa:memoria, rus:мемориальный",,"v. remember, recall",,,,,,,
memori fasil,,,,easy to remember,,,,,,,
memori-fa,,,,v. memorize,,,,,,,
memori-gu,,,,"n. memory, ability to remember",,,,,,,
memori-sei,,,,"n. memory, recollection",,,,,,,
men,yam,,,noodle,,,,,,,
Merkuri planeta,kosmo,,,Mercury,,,,,,,
Mesika basa,basa,,,Nahuatl languages,,,,,,,
Mesika nasia,nasia,,,Nahua,,,,,,,
metal-gu,,,,hardware; ironware,,,,,,,
metal-sana,,,,"metal, made of metal",,,,,,,
metal?,materi,,,metal,,,,,,,
metro,,,,v. measure; n. measurement; meter (unit of length),,,,,,,
metro ki,,,,measuring instrument,,,,,,,
metro-gu,,,,measuring instrument,,,,,,,
metro-karna,,,,measurement,,,,,,,
metropol,,,,"n. city, metropole; a. urban, metropolitan",,,,,,,
metropol-tren,,,,"metro, subway",,,,,,,
mi,zen,,,I; me,,,,,,,
mi di,zen,,,my,,,,,,,
mi di (sei) ga ta,fraze,,,I have (sei),,,,,,,
mi eide,fraze,,,help me; mayday,,,,,,,
mi-auto,,,,myself,,,,,,,
mi-auto di,,,,my own,,,,,,,
mi-pan-auto,,,,ourselves,,,,,,,
mi-pan-auto di,,,,our own,,,,,,,
mi-poli,,,,we; us,,,,,,,
mi-poli di,,,,our,,,,,,,
miau,,,,cat,,,,,,,
migra,,,,"migrate, transplant, relocate, move",,,,,,,
migra,,,,v. move; migrate,,,,,,,
mikro,,,,"a. tiny, microscopic; pf. micro-",,,,,,,
Mikronesia desa,desa,,,Micronesia,,,,,,,
mili,nomer,,m,a. permille; pf. milli-,,,,,,,
militar,,,,a. military,,,,,,,
militar-grupo?,,,,"n. military, army",,,,,,,
militar-gu,,,,weapon,,,,,,,
militar-zen,,,,n. soldier,,,,,,,
ming-teze,,,,explanation,,,,,,,
mini,,,,"a. small, little, tiny; few, little; av. slightly, a little",,,,,,,
mini baya,topia,,,inlet,,,,,,,
mini dom,,,,hut,,,,,,,
mini lako,topia,,,pond,,,,,,,
mini-bus,,,,"van, minibus",,,,,,,
mini-dau,,,,"lane, alley",,,,,,,
mini-fen,,,,a. less; fewer; n. minority,,,,,,,
mini-pandu,,,,gentle (of a slope),,,,,,,
mini-sek,,,,pebble,,,,,,,
mini-soni,,,,soft; quiet,,,,,,,
mini-voze,,,,whispering,,,,,,,
minut,vakat,,,minute,,,,,,,
misal,,,,n. example,,,,,,,
misal-do,,,,for example,,,,,,,
Misisipi rivo,topia,,,Mississippi River,,,,,,,
mit,,,,v. meet; n. meeting,,,,,,,
mit-ki,,,,"meeting, session",,,,,,,
mole (kus?),,,,"soft, fluffy, tender",,,,,,,
mole-toc,,,,"gentle, soft, light (touch)",,,,,,,
mon,,zho:門,,doorway; gate,,,,,,,
mosim,,,,season,,,,,,,
moskito,animal,"eng:mosquito, spa:mosquito, por:mosquito, fra:moustique, deu:Moskito, rus:моски́т",Nematocera,"mosquito, gnat, midge",,,,,,,
Moskva nagra,nagra,,,Moscow,,,,,,,
moto,,,,"n. movement, motion, locomotion; v. move; a. moving, mobile",,,,,,,
moto-makin,,,,"motor, engine (see moto)",,,,,,,
mou,animal,,Bos taurus,"cattle, cow, bull, ox",,,,,,,
mou-niama,,,,beef,,,,,,,
mou?,zi,,M,(letter) M,,,,,,,
muezi,kosmo,"swa:mwezi, nya:mwezi, sna:mwedzi, run:ukwezi",,moon,,,,,,,
muezi un mara,,,,monthly,,,,,,,
muezi-ki,vakat,,,month,,,,,,,
muk saka,,,,treebranch,,,,,,,
muk-sana,,,,"wooden, made of wood",,,,,,,
muk?,materi,,,wood,,,,,,,
mum?,,,,wax,,,,,,,
mus,animal,,Muridae,mouse; rat; gerbil,,,,,,,
muskil,,"ara:مُشْكِل, fas:مشکل, hin:मुश्किल, ben:মুশকিল, tur:müşkül‎",,"n. problem, challenge; a. difficult, hard, tough, challenging",difícil,,,,,,
muskil-fa,,,,"hinder, obstruct, made difficult",,,,,,,
muzeo,kan,"eng:museum, por:museu, spa:museo, deu:Musee, rus:музе́й, tur:müze, may:muzium",,"museum, gallery",,,,,,,
muzika,muzika,,,music,,,,,,,
muzika ki,muzika,,,musical instrument,,,,,,,
na,basa-regla,,,"at, in, on; for; by; with; along",,,,,,,に;で;を
nagra,"topia,tipo-logi","hin:नगर, ben:নগৰ, may:negara, tam:நகர், tha:นคร",,"town, city, settlement, municipality; (taxonomy) order",,,,,,,
Naigiria desa,desa,,,Nigeria,,,,,,,
nam,zen,zho:男,,a. male; n. man,,,,,,,
nam,,,,name,,,,,,,
nam don,,,,"v. name, dub",,,,,,,
nam-tiketa,,,,nametag,,,,,,,
nano,nomer,,n,a. miniscule; pf. nano-,,,,,,,
nasia,,,,"n. people, folk, nation; a. folk, national",,,,,,,
nasia genus (genus?),,,,nationality,,,,,,,
nasia lige,,,,League of Nations,,,,,,,
nasia-desa,,,,n. nation-state,,,,,,,
nasiha,,"ara, may, tur, fas",,n. advice; v. advise; suggest; recommend,,,,,,,
natriu,materi,,Na,sodium,,,,,,,
nau,badan,,,brain,,,,,,,
nen,vakat,,,year,,,,,,,
nen un mara,,,,annual,,,,,,,
nen-muezi-nit,vakat,,,date,,,,,,,
neon,materi,,Ne,neon,,,,,,,
Neptuno planeta,kosmo,,,Neptune,,,,,,,
nesesi?,,,,"need, require",,,,,,需,
nesia,topia,,,island,,,,,,,
neutrino,,,,neutrino,,,,,,,
neutron,,,,neutron,,,,,,,
ni,,,,this,,,,,,,
ni sei,,,,this thing,,,,,,,
ni zen,zen,,,this person,,,,,,,
ni-poli,,,,these,,,,,,,
nia,,"ara:نية, tur:niyet, swa:nia, fas:نیت‎, may:niat",,"v. mean, intend, will; n. intent, will, purpose",,,,,,,
niama,,"swa:nyama, kin:inyama, sna:nyama, sot:nama, xho:ínyama, zulu:ínyama",,"meat, flesh",,,,,,,
Niger desa,desa,,,Niger,,,,,,,
nikel,materi,,Ni,nickel,,,,,,,
nil (nila?),kolor,,,blue,,,,,,,
Nil rivo,topia,,,Nile,,,,,,,
Nipon basa,basa,,,Japanese language,,,,,,,
Nipon desa,desa,,,Japan,,,,,,,
nit,kosmo,zho:日,,sun,,,,,,,
nit base-fa,,,,sunset; sundown; dusk,,,,,,,
nit super-fa,,,,sunrise; sunup; dawn,,,,,,,
nit un mara,,,,daily,,,,,,,
nit-flor,vegeta,,,sunflower,,,,,,,
nit-gazeta,,,,"diary, journal",,,,,,,
nit-ki,,,,"day, 24 hours",,,,,,,
nit-sat,,,,date and time,,,,,,,
nitro,materi,,N,nitrogen,,,,,,,
nizdo,,"eng:nest, spa:nid, por:ninho, rus:гнездо́, hin:नीड़",,"nest, den, hive",,,,,,,
no,basa-regla,,,va. not; i. no; sf. non-,,,,,,,
noce-medi,,,,midnight,,,,,,,
noce?,,,,night; nighttime,,,,,,,
nomer,,,,"n. number, figure; v. count, enumerate; a. numeric",,,,,,,
nomi,,,,"v. regulate, rule, manage; administrate, govern; n. rule, law; management, control, administration",,,,,,,
nomi-fa,,,,"vt. take charge, take over",,,,,,,
nomi-zen,pei-karma,,,"managre, administrator, landlord, warden, superintendent, supervisor, custodian; (computing) root, administrator",,,,,,,
nota-buk,,,,"notebook, notepad",,,,,,,
nove,,,,"new, novel; fresh",,,,,,,新規
Nove yorke nagra,nagra,,,New York City,,,,,,,
nulo,nomer,,0,"a. zero, no; n. zero, none; pf. a-, -less",,,,,,,
nulo lunsot,,,,of course; naturally,,,,,,无论,もちろん
nulo sei,,,,nothing,,,,,,,
nulo vakat na,,,,never,,,,,,,
nulo vakat?,,,,never,,,,,,,
nulo zen,,,,no one,,,,,,,
nulo-devo teori,teori,,,atheism,,,,,,,
nulo-devo teori-zen,teori,,,atheist,,,,,,,
nulo-taksa,,,,"free, complementary, free of charge",,,,,,,
o,basa-regla,,,"cj. or, nor",,,,,,,が、または
oko,zi,"spa:ojo, por:olho, ita:occhio, deu:Auge, rus:о́ко, hin:आँख",o,"n. eye; (letter) O; vi. look; vt. look at, watch, eye",,,,,,,
oko-iris,,,,iris,,,,,,,
oksi,materi,,O,oxygen,,,,,,,
okto,nomer,,8,eight,,,,,,,
okto-deka,nomer,,,eighty,,,,,,,
okto-fut,animal,,,octopus,,,,,,,
okto-gon,forma,,,octogon,,,,,,,
okto-rang muezi,,,,August,,,,,,,
Onduras desa,,,,Honduras,,,,,,,
orde,,,,order,,,,,,,
ore,badan,,,n. ear; vi. listen; vt. listen to,,,,,,,
ore-mum,,,,earwax,,,,,,,
orto,,,,right; direct,,,,,,,
orto-gon,forma,,,right angle; rectangle,,,,,,,
Óstereih desa,desa,,,Austria,,,,,,,
pak,,,,coerce,,,,,,,
paksi,animal,hin:पक्षी,Aves,bird,,,,,,,
paksi-niama,,,,poultry,,,,,,,
pan,,,,all,,,,,,,
pan mara,,,,every time,,,,,,,
pan sei,,,,everything,,,,,,,
pan vakat na,,,,always,,,,,,,
pan zen,zen,,,everyone,,,,,,,皆
pan-den,,,,"full marks, 100%, perfect score",,,,,,,
pan-un,,,,each; every; any,,,,,,,
pan-vakat,,,,n. eternity; eon; lifetime; a. permanent; perpetual; eternal; long-lived,,,,,,,
Panamá desa,desa,,,Panama,,,,,,,
Pangea bara,,,,Pangea; Pangaia,,,,,,,
Panzhab basa,basa,,,Punjabi,,,,,,,
Panzhab vilaya,topia,,,Punjab,,,,,,,
papagai,animal,"ara:ببغاء, spa:papagayo, por:papagaio, deu:Papagei, rus:попугай, tur:papağan",Psittaciformes,parrot,"papagayo, loro",,,,burung kakaktua,,
par,,,,equal; even; as,,,,,,,
par no nomer,,,,odd number,,,,,,,
par no ta,,,,disparity,,,,,,,
par nomer,,,,even number,,,,,,,
par poli,,,,as much,,,,,,,
par ta,,,,equality; parity,,,,,,,
par-no,,,,uneven; unequal,,,,,,,
Parí nagra,nagra,,,Paris,,,,,,,
parna,,"hin:पढ़ना, ben:পড়ন, pan:ਪੜ੍ਹਨਾ",,read,,,,,,,
parna abil,,,,"readable, legible",,,,,,,
parna fang,,,,"how to read, legend (of a map)",,,,,,,
parna fasil,,,,easy to read,,,,,,,
parna muskil,,,,hard to read,,,,,,,
parsa,animal,"tur:pars, deu:Parder, rus:барс",Panthera pardus,leopard,,,,,,,
parti?,,,,"party, gathering",,,,,,,
patata?,vegeta,"spa:ciervo, por:cervu, fra:cerf",?,potato,,,,,,,
pei-tiketa,,,,"check, cheque",,,,,,,
pende,,,,v. hang,,,,,,,
pende-sei,,,,n. pendant,,,,,,,
pene,,,,penis,,,,,,,
penta,nomer,,5,five,,,,,,,
penta luk fon,nomer,,5/6,five sixths,,,,,,,
penta-deka,nomer,,,fifty,,,,,,,
penta-gon,forma,,,pentagon,,,,,,,
penta-hekto,nomer,,,five hundred,,,,,,,
penta-kilo,nomer,,,five thousand,,,,,,,
penta-rang muezi,,,,May,,,,,,,
Perú desa,desa,,,Peru,,,,,,,
pes-zen,,,,"mermaid, merfolk",,,,,,,
pesa-kasa,,,,cash register; cash box,,,,,,,
petra-gu,,,,stone tools,,,,,,,
pin?,,,,"n. pin, needle; v. prick, sting",,,,,,,
pinguin,animal,,,penguin,,,,,,,
planeta,,,,planet,,,,,,,
plasti,materi,,,plastic,,,,,,,
plasti-sana,,,,"plastic, made of plastic",,,,,,,
platino,materi,,Pt,platinum,,,,,,,
plika,,,,,,,,,,,
pluma?,,,,feather; plumage,,,,,,,
plumbo,materi,,Pb,n. lead (metal),,,,,,,
Pluton planeta,kosmo,,,Pluto,,,,,,,
plutoniu,materi,,Pu,plutonium,,,,,,,
Pol desa,desa,,,Poland,,,,,,,
poli,,,,many; much,,,,,,,
poli deka-kilo,nomer,,,tens of thousands,,,,,,,
poli hekto,nomer,,,hundreds of,,,,,,,
poli kilo,nomer,,,thousands,,,,,,,
poli plika,,,,multiply,,,,,,,
poli-pesa,zen,,,"rich, wealthy",,,,,,,
poli-sabe,,,,knowledgeable; intelligent,,,,,,,
poli-vakat?,,,,often,,,,,,,
politi,,,,n. government; politics; vt. govern,,,,,,,
politi-ki,,,,term in office,,,,,,,
politi-logi,,,,political science,,,,,,,
politi-zen,,,,politician,,,,,,,
polo,,,,pole; extreme,,,,,,,
polo genus,,,,polarity,,,,,,,
porto,,,,v. ship; send,,,,,,,
porto-kan,,,,n. port,,,,,,,
Portugal basa,basa,,,Portuguese language,,,,,,,
Portugal desa,desa,,,Portugal,,,,,,,
pos,fang,,,"a. next, subsequent, following; vt. follow, go after",,,,,,,
pos-fa,fang,,,"vt. delay, put off",,,,,,,
pos-kore?,,,,"vt. chase, run after",,,,,,,
posporo,materi,,P,phosphorus,,,,,,,
posta,,,,n. mail,,,,,,,
posta-zen,pei-karma,,,n. courrier,,,,,,,
pre,fang,,,"a. previous; vt. precede, go before",,,,,,,
pre-fa,fang,,,vt. put before,,,,,,,
pre-hakim?,,,,"prejudice, bias, discrimination",,,,,,,
pre-kluzi,,,,v. preclude,,,,,,,
problema,,,,problem; worry; bother,,,,,,,
proseso,,,,process,,,,,,,
proseso lio,,,,processed,,,,,,,
proton,,,,,,,,,,,
pul,,,,full,,,,,,,
pulve,,,,powder; dust; spray,,,,,,,
putung,,zho:普通,,"a. normal, ordinary, common, usual; common, ubiquitous, general, standard, universal",,,,,,,
putung Han basa,basa,,,Mandarin Chinese,,,,,,,
putung-trasmisi?,,,,"broadcast, announce",,,,,,,
radon,materi,,Rn,radon,,,,,,,
ramen,,,,ramen,,,,,,,
rang,,,,rank; position; number; order; grade,,,,,,,
rang-orde,,,,sequential order; turn in line,,,,,,,
razon,,,,"n. sense, reason; a. rational, sensible, reasonable",,,,,,,
re,,,,"av. again, repeatedly; vt. repeat",,,,,,,
re-forma,,,,"reform, revolution, transformation",,,,,,,変革
re-keizuk,,,,"restart, resume",,,,,,,
real,,"eng:real, spa:real, rus:реальный",,"real, actual",real,,,,,,真実
registra,,,,"n. log, registry, account, record, roster; v. log, register, record",,,,,,,
registra-buk,,,,"logbook, notebook, ledger",,,,,,,
regla,,,,n. rule; v. regulation,,,,,,,
reste,,,,vi. stay; remain; vt. leave; n. rest; remainder,,,,,,,
restoran,kan,,,restaurant,,,,,,,
retro,fang,,,"n. back; a. rear, backward, posterior; av. back, backward",,,,,,,
retro-fa,fang,,,"vi. return, retreat, go back; vt. send back",,,,,,,
rivo,,"eng:river, spa:río, por:rio, fra:rivière, zho:流",,river,,,,,,,
rivo saka,,,,tributary,,,,,,,
ro,basa-regla,,,(object postposition),,,,,,,を
robot,,"eng:robot, spa:robot, por:robô, rus:ро́бот, tur:robot, swa:roboti, hin:रोबोट, may:robot, jpn:ロボット",,robot,,,,,,,
Roma nagra,nagra,,,Rome,,,,,,,
Roma zi,,,,"Latin alphabet, Roman alphabet",,,,,,,
rota,,"eng:rotate, spa:rotar, por:rotar, rus:ро́тор",,"spin, turn, rotate, revolve",,,,,,,
rota-hava,,,,"tornado, twister, whirlwind, cyclone, waterspout",,,,,,,
rota-tafun,,,,"hurricane, typhoon, cyclone",,,,,,,台風
roye?,kolor,,,red,,,,,,,
roza,,,,rose,,,,,,,
Ru din,din,,,Confucianism,,,,,,,
rubi kesa,,,,a. red-haired,,,,,,,
rubi kesa zen,,,,redhead,,,,,,,
ruh,,,,soul; spirit; psyche; essence,,,,,,,
ruk,,,,(anatomy) back,,,,,,,背
ruk-sak,,,,"backpack, rucksack",,,,,,,
Runa basa,basa,,,Quechua languages,,,,,,,
Runa nasia,nasia,,,Quechua peoples,,,,,,,
Rundi desa,desa,,,Burundi,,,,,,,
rupa,,,,v. appear; seem; n. appearance,,,,,,,
Rusia basa,basa,,,Russian language,,,,,,,
Rusia desa,desa,,,Russia,,,,,,,
sada,,"ara:ساذج, fas:ساده, hin:सादा, ben:সাদা, tur:sade",,"plain, simple, ordinary, unadorned, pure; mere; av. only, merely",,,,,,,
safa tela,,,,"rag, cleaning cloth, napkin, kerchief, wipe",,,,,,,
safar-kek,,,,tourism,,,,,,,
safar-kek-zen,,,,tourist,,,,,,,
sahih,,,,"a. right, correct; i. yes, that's right",,,,,,,
saimin,yam,,,saimin,,,,,,,
sak,,,,"bag, sack",bolsa,,,,,,
saka,tipo-logi,"hin:शाखा, ben:শাখা, fas:شاخه",,"branch, bough; limb; division, subdivision; (taxonomy) clade",,,,,,,
sakcu,,zho:削除,,"erase, delete, eliminate, remove",,,,,,,削除
sal,,,,n. salt,,,,,,,
sal-gusto,gusto,,,a. salty,,,,,,,
salam,,,,n. prosperity; fortune; wellbeing; peace; health; a. well; i. hello,,,,,,,
salut,,,,"n. health; a. healthy, well",,,,,,,
salut-fa,,,,"heal, get better",,,,,,,
sam,,,,same,,,,,,,
sam-fono,,,,homophone,,,,,,,
sam-genus,,,,similar,,,,,,,
sam-kitap,,,,homograph,,,,,,,
sam-mana,,,,synonym,,,,,,,
san,,zho:酸,,n. acid,,,,,,,
san-gusto,gusto,,,a. sour,,,,,,,
sana,,,,"vt. create, make, generate; a. artificial, manmade, fabricated; sf. made of; made by",,,,,,,作成
sana fang,,,,"how to make, instructions, recipe",,,,,,,
sana fasil,,,,easy to make,,,,,,,
sana-kan,kan,,,"factory, manufactory, plant, mill",,,,,,,
sana-sei,,,,"product, artifact; imitation, fake, fabrication",,,,,,,
santi,,hin:शांति,,"a. calm, cool, tranquil, peaceful, quet",,,,,,,
santi ta,,,,"calm, tranquility, peace",,,,,,,
sapato,,,,shoe,,,,,,,
sarik,,"ara:شَرْق‎, fas:شرق‎, swa:mashariki",,east,,,,,,,
sat,,,,hour,,,,,,,
sat-metro-gu,tekni-logi,,,clock; watch,,,,,,,
sat-minut,vakat,,,time of day,,,,,,,
sat-tablo,,,,"schedule, agenda, timetable",,,,,,,
satan,,,,n. opponent; antagonist; v. oppose,,,,,,,
Saturno planeta,kosmo,,,Saturn,,,,,,,
sau,,,,few; little,,,,,,,
sau-mara,,,,rarely,,,,,,,
sau-pesa,zen,,,"poor, destitute",,,,,,,
sau-sabe,,,,unintelligent; ignorant,,,,,,,
Saúd desa,desa,,,Saudi Arabia,,,,,,,
se?-kluzi,,,,v. seclude,,,,,,,
sei,,,,thing,,,,,,,
sei-hal,,,,"situation, state of affairs, circumstances",,,,,,,
sekso,,,,"n. sex, intercourse; v. have sex",,,,,,,
sekso genus,,,,sex (category),,,,,,,
sekso-gu,,,,genitals,,,,,,,
sekso-yau,,,,"lust, sexual desire",,,,,,,
sekunde,,,,second,,,,,,,
sekure,,,,"a. safe, secure",,,,,,,
sekure ta,,,,n. safety; security,,,,,,,
sekure-fa,,,,"v. save, secure",,,,,,,保存
seleksi,,"eng:selection, spa:selección, rus:селе́кция, deu:Selektion, fra:sélection, por:seleção, jpn:選ぶ",,"v. choose, select, elect; n. choice, selection, election; a. elective, optional","v. seleccionar, elegir; a. selección",,,,,,選択
seleksi-abil,,,,option,,,,,,,
semi-sar?-pasi?,,,,migraine,,,,,,,
sengli,,zho:勝利,,"n. victory, triumph; success; v. win; get, gain; succeed",,,,,,,
senti,,,c,percent; centi-,,,,,,,
senti-metro,,,cm,centimeter,,,,,,,
senzura,,"eng:censor, spa:censura, deu:Zensur, rus:цензу́ра, tur:sansür, fas:سانسور‎, hin:सेंसर, may:sensor",,"vt. censor, redact, ban; n. censorship",v. censurar,,,,,,
Seres planeta,kosmo,,,Ceres,,,,,,,
serpe,animal,"eng:serpent, spa:serpiente, por:serpente, fra:serpent, hin:सर्प, ben:সাপ",Serpentes,snake,,,,,,,
serte,,,,"a. certain, sure, positive; fixed, settled, firm, determined","cierto, seguro",,,,,,
serte ta,,,,n. certainty,,,,,,,
serte-bi,,,,n. probability,,,,,,,
serte-dokumen,,,,certificate,,,,,,,
serte-fa,,,,"v. confirm, check, make sure, certify",,,,,,,
serve,,,,v. serve; host; n. service,,,,,,,
serve-zen,,,,n. server; host,,,,,,,
servo,animal,"spa:ciervo, por:cervu, fra:cerf",Cervidae,"deer, reindeer, elk, buck, doe",,,,,,,
servo-niama,,,,venison,,,,,,,
Shang'hai basa,basa,,,Shanghainese,,,,,,,
Shang'hai nagra,nagra,,,Shanghai,,,,,,,
Shkip desa,desa,,,Albania,,,,,,,
siah kesa,,,,a. black-haired,,,,,,,
siah kesa zen,,,,person with black hair,,,,,,,
siah-ban,,,,"blackboard, chalkboard",,,,,,,
siah?,kolor,,,black,,,,,,,
sibai-zen,,,,n. loser,,,,,,,
sicou,,,,silk,,,,,,,
sicou?-verma?,animal,,,silkworm,,,,,,,
sidbai?,,,,"n. loss, defeat; failure, blunder; v. lose, be defeated; lose, mislay; fail",,,,,,,
sifa-teze (replace most instances of sifa with yang),,,,description,,,,,,,
signo,,,,"n. sign, signal; v. indicate, signal, signify",,,,,,,
Sik din,din,,,Sikhism,,,,,,,
siklo,,,,wheel; cycle,,,,,,,
sila,,ara:صلة,,"n. link, joint, connection; hyperlink; v. link, join, connect",n. conección; v. conectar,,,,,,接続;連携
siliko,materi,,Si,silicon,,,,,,,
silsila,,"ara:سلسلة, swa:silisili, tur:silsile, may:silsilah",,"n. chain; series, sequence",,,,,,,
sin-ban,,,,"signboard, sign, billboard",,,,,,,
Sindu rivo,topo,,,Indus River,,,,,,,
singa,animal,"swa:simba, may:singa, hin:सिंघ",Panthera leo,lion,,,,,,,
Sintou din,din,,,Shintoism,,,,,,,
sirena,,"spa:sirena, por:sirena, eng:siren, may:sirene, tur:siren, rus:сире́на",,siren,,,,,,,
sit,,,,v. lose; stop having; n. loss,,,,,,,
sito,,,,"site, place, location, position",,,,,,,
so,,,,element; essence,,,,,,,
sofi,,,,"a. wise, intelligent, smart",,,,,,,
sofi-du,,,,"intellect, intelligence",,,,,,,
sofi-gu,,,,"mind, brain",,,,,,,
sofi-ta,,,,wisdom,,,,,,,
sole,,,,alone; single; by oneself; lonely,,,,,,,
Somal desa,,,,Somalia,,,,,,,
Somaliland desa,,,,Somaliland,,,,,,,
sos?,,,,sauce,,,,,,,
sosi genus,,,,gender identity,,,,,,,
Soto basa,basa,,,"Sotho, Sesotho",,,,,,,
Soto desa,desa,,,Lesotho,,,,,,,
sou?,,,,"n. show, exhibition, display, demonstration, demo; v. show, exhibit, display, demonstrate",,,,,,,表示
sual,,,,vt. ask (a question); wonder; n. question,,,,,,,
suba,,,,morning,,,,,,,
sude,,,,south,,,,,,,
sude Hanguk desa,desa,,,South Korea,,,,,,,
suge,,,,v. suggest; propose; recommend; put forward,,,,,,,
sui,"zi,materi,sui",zho:水,s,water; (letter) S,,,,,,,
sui-banke,,,,reservoir,,,,,,,
suka,,,,"a. happy, joyful; pleasant, nice n. happiness, pleasure; v. enjoy, like",,,,,,,
suka-?,,,,comedy,,,,,,,
suka-fa,emot,,,"v. gladden, please",,,,,,,
sukar,,,,n. sugar,,,,,,,
sukar-gusto,gusto,,,a. sweet,,,,,,,
sukur,,"ara:شكر, may:syukur, tur:şükür",,a. grateful; n. gratitude; i. thank you,,,,,,,
sukur-teze,,,,"v. thank, say thank you",,,,,,,
sulfur,materi,,S,sulfur,,,,,,,
sum,,,,v. sum; add together; n. sum; summation; summary,,,,,,,
sum li,fraze,,,in summary,,,,,,,
super,fang,,,a. high; tall; superior; n. top; the area above something; av. up,,,,,,,
super-fa,fang,,,"vi. rise, ascend; vt. raise, elevate, heighten, promote; get on (a vehicle)",,,,,,,
super-lau,,,,"heightened, elevated, advanced",,,,,,,
sut,,,,skill; art,,,,,,,
Svahili basa,basa,,,Swahili,,,,,,,
Svahili basa,,,,Swahili,,,,,,,
Swahili nasia,nasia,,,"Swahili people, waSwahili",,,,,,,
ta,,,,v. be; exist; n. state; a. some (indefinite pronoun); pf. -ful; av. somewhat,,,,,,,
ta alo,,,,"some other, another",,,,,,,
ta fang li,,,,somehow,,,,,,,
ta nomer,,,,"some, several, a number of",,,,,,,
ta poli,,,,"some, an amount of",,,,,,,
ta sabap ze,,,,for some reason,,,,,,,
ta sei,,,,something,,,,,,,
ta sito,,,,somewhere,,,,,,,
ta vakat na,,,,sometimes,,,,,,,
ta yang di,,,,some kind of,,,,,,,
ta zen,,,,someone,,,,,,,
ta-fa,,,,become,,,,,,,
ta-na,,,,as; like,,,,,,,
ta-taksa,,,,"paid, not free",,,,,,,
tabi,,,,nature; essence,,,,,,,
tafun,,"eng:typhoon, spa:tifón, deu:Taifun, rus:тайфу́н, ara:طُوفَان, fas:طوفان‎, hin:तूफ़ान, swa:tufani, tur:tufan, zho:大風, por:tufão",,"storm, tempest","tormenta, tempestad",,,,,,
tai,,,,"av. too; a. too much, excessive",,,,,,,
taksa-do,,,,"cost, price",,,,,,,
taksa?,,,,"n. fee, fare, charge, toll; vt. charge; vi. cost",,,,,,,
Tamil basa,basa,,,Tamil language,,,,,,,
tamsak,,zho:探索,,"search, look for",,,,,,,
tantalo,materi,,Ta,tantalum,,,,,,,
tapioka,,"eng:tapioca, por:tapioca, spa:tapioca, rus:тапио́ка, tur:tapyoka, ara:تبيوكة, may:tapioka, jpn:タピオカ",,tapioca,,,,,,,
tarcuma,,"ara:ترجمة, hin:तर्जुमा, ben:তর্জমা, fas:ترجمه, tur:tercüme, may:terjemah",,"v. translate, interpret",,,,,,,
tarcuma-zen,,,,"n. translator, interpretor",,,,,,,
taro,vegeta,haw:kalo,?,taro,,,,,,,
tatou,,,,tattoo,,,,,,,
taumang,,,,"vi. run away, flee; escape; n. flight, escape",,,,,,,
taumang-fa,,,,"vt. release, let go",,,,,,,
taumang-zen,,,,"n. fugitive, refugee, escapee",,,,,,,
tayar,,"swa:tayari, fas:تیار, hin:तैयार, pan:ਤਿਆਰ, ben:তৈরি",,"a. ready; present; v. prepare; attend, be present; serve, attend, wait on",,,,,,,
Tcad desa,,,,Chad,,,,,,,
tekni,,,,"technique, skill, art",,,,,,,
tela,,,,cloth,,,,,,,
tela safa,,,,"v. wipe, clean with a cloth",,,,,,,拭き
tele,,,,"a. far, distant; av. away",,,,,,,
tele do,,,,distance,,,,,,,
tele kontrol,,,,remote control,,,,,,,
tele-fa,,,,"vt. distance, move away",,,,,,,
tele-fas,,,,deep; profound,,,,,,,
tele-fono-makin,,,,telephone,,,,,,,
tele-vizi-makin,,,,TV; television,,,,,,,
tema,,,,"topic, theme, subject",,,,,,,
tema genus?,,,,genre,,,,,,,
tema nam,,,,title,,,,,,,
Tenoctitlan nagra,nagra,,,Tenochtitlan,,,,,,,
teori,,,,"n. theory, hypothesis; consideration, reflection; a. theoretical, hypothetical; ideal",,,,,,,
tera,,,,a. one trillion; pf. tera-,a. billón; pf. tera-,,,,,,
termo,,,,"hot, warm",,,,,,,
termo-do,,,,temperature,,,,,,,
termo-metro-gu,,,,thermometer,,,,,,,
termo-mosim,mosim,,,"summer, summertime",,,,,,,
termo-mosim sat-tablo,,,,"daylight saving time, daylight savings time",,,,,,,
teste,,,,"v. test, try out, experiment; n. test, exam; experiment, trial",,,,,,,試す
teze,,,,"v. state; claim; declare; n. thesis, statement, claim, declaration",,,,,,,
Tian'anmen meidan,,,,Tiananmen square,,,,,,,
tiketa,,,,"ticket, slip, bill; tag, label; bill, receipt",,,,,,,
tiketa-kasa,,,,"ballot box; ticket window, box office",,,,,,,
tipo,,,,"n. type, kind, sort, variety; (taxonomy) species",,,,,,,
tipo-logi,tipo-logi,,,taxonomy; typology,,,,,,,
tisa,nomer,,9,nine,,,,,,,
tisa desi,nomer,,9/10,nine tenths,,,,,,,
tisa-deka,nomer,,,ninety,,,,,,,
tisa-rang muezi,,,,September,,,,,,,
titaniu,materi,,Ti,titanium,,,,,,,
topia,topia,,,"place, location, region, area, land",,,,,,,
toriu,materi,,Th,thorium,,,,,,,
trakto,karma,,,pull; draw,,,,,,,
trakto-makin,,,,tractor,,,,,,,
trasmisi,,,,"v. send, bring; transmit; n. transmission",,,,,,,
tren-tiketa,,,,train ticket,,,,,,,
tri,nomer,,3,three,,,,,,,
tri catur fon,nomer,,3/4,three quarters,,,,,,,
tri desi,nomer,,3/10,three tenths,,,,,,,
tri penta fon,nomer,,3/5,three fifths,,,,,,,
tri-deka,nomer,,,thirty,,,,,,,
tri-gon,,,,triangle,,,,,,,
tri-rang,,,,third,,,,,,,
tri-rang muezi,,,,March,,,,,,,
tri-siklo,,,,tricycle (see tri-siklo-makin),,,,,,,
tributo?,,,,"tax, tariff; tribute",,,,,,,
Tsvana basa,basa,,,"Tswana, Setswana",,,,,,,
Tsvana desa,desa,,,Botswana,,,,,,,
tu,,,,you (speaking to one person),,,,,,,
tu di,,,,your (speaking to one person),,,,,,,
tu-auto,,,,yourself,,,,,,,
tu-auto di,,,,your own (speaking to one person),,,,,,,
tu-pan-auto,,,,yourselves,,,,,,,
tu-pan-auto di,,,,your own (speaking to a group),,,,,,,
tu-poli,,,,"you (speaking to a group), y'all, youse, you guys",,,,,,,
tu-poli di,,,,"your (speaking to a group), y'all's",,,,,,,
tuka,,,,insult,,,,,,,
Tunis desa,,,,Tunisia,,,,,,,
Turkia basa,basa,,,Turkish language,,,,,,,
Turkia desa,desa,,,Turkey,,,,,,,
umet,,,,hope; wish,,,,,,,
un,nomer,,1,one,,,,,,,
un catur fon,nomer,,1/4,one quarter,,,,,,,
un desi,nomer,,1/10,one tenth,,,,,,,
un du fon,nomer,,1/2,one half,,,,,,,
un giota,,,,a bit; a little; at all; some; any,un poco,,,,,一點; 一些,一寸; 少し; 何分
un luk fon,nomer,,1/6,one sixth,,,,,,,
un mara,,,,once,,,,,,,
un penta fon,nomer,,1/5,one fifth,,,,,,,
un supra,,,,"more than one, multiple",,,,,,,
un tri fon,nomer,,1/3,one third,,,,,,,
un-fa,,,,"v. unify, unite; a. unified, united",,,,,,,
un-fa nasia,,,,United Nations,,,,,,,
un-rang,nomer,,,first,,,,,,,
un-rang muezi,vakat,,,January,,,,,,,
un-siklo,,,,unicycle (see un-siklo-makin),,,,,,,
un-vakat,,,,n. while; short time; a. vakatrary; provisional; interim; short-lived,,,,,,,
unik,,,,only; unique,,,,,,,
uraniu,materi,,U,uranium,,,,,,,
Urano planeta,kosmo,,,Uranus,,,,,,,
Urdu basa,basa,,,Urdu,,,,,,,
Urdun desa,desa,,,Jordan,,,,,,,
ururu,animal,,Canis lupus,wolf,,,,,,,
ururu-zen,,,,werewolf,,,,,,,
uze fang,,,,"how to use, instructions, directions",,,,,,,
uze fasil,,,,easy to use,,,,,,,
vaf,,,,dog,,,,,,,
vagina,,,,vagina,,,,,,,
vakat,,"ara:وَقْت, tur:vakit, hin:वक़्त, may:waktu, swa:wakati, fas:وقت‎",,time,,,,,,,
vaksina,,,,vaccine,,,,,,,
valu?,,,,"n. value, worth, price; vt. value",,,,,,,
vampir,,,,vampire,,,,,,,
van-gu,,,,toy,,,,,,,
vancen,,,,"a. complete, total, absolute; entire, whole; perfect; n. total, sum; av. completely, absolutely, entirely",,,,,,,
vancen-no,,,,imperfect,,,,,,,
Vashington nagra,nagra,,,Washington DC,,,,,,,
vau,emosi,,,"n. wonder, surprise, admiration, awe; vi. wonder; marvel; i. wow, ooh, ah",,,,,,,
vau-fa,,,,"a. awe-inspiring, awesome, marvelous, wonderful, surprising; vt. awe, wow, surprise",,,,,,,
vegan,zugi,,,veganism,,,,,,,
vegan-zen,zugi,,,vegan,,,,,,,
vegeta,vegeta,"eng:vegetation, spa:vegetal, por:vegetal, rus:вегетация",Plantae,plant; vegetable,,,,,,,
vegeta-yam zugi,zugi,,,vegetarianism,,,,,,,
vegeta-yam zugi-zen,zugi,,,vegetarian,,,,,,,
Venus planeta,kosmo,,,Venus,,,,,,,
verde,kolor,,,green,,,,,,,
vere,,,,"true, authentic",,,,,,,本当
vere-fa,,,,"verify, validate, make sure",vero,,,,,,
vere-teze,,,,tell the truth,,,,,,,
vermo?,animal,,,worm,,,,,,,
versi,,,,n. version,,,,,,,
veste,,,,west,,,,,,,
Vietnam basa,basa,,,Vietnamese language,,,,,,,
Vietnam desa,desa,,,Vietnam,,,,,,,
vik,,"eng:week, deu:Woche, swa:wiki, zul:iviki, tsn:beke",,week,,,,,,,
vik un mara,,,,weekly,,,,,,,
vik-catur,,,,Thursday,,,,,,,
vik-du,,,,Tuesday,,,,,,,
vik-luk,,,,Saturday,,,,,,,
vik-nit,,,,Sunday,,,,,,,
vik-penta,,,,Friday,,,,,,,
vik-tri,,,,Wednesday,,,,,,,
vik-un,,,,Monday,lunes,,pazartesi,,,,
vilaya,"topia,tipo-logi",,,"province, state, prefecture, oblast; (taxonomy) phylum, division",,,,,,,
violet,,,,violet,,,,,,,
vizi,sensa,,,"vt. see; va. appear, seem, look; n. vision, sight",,,,,,,
vizi fang,,,,"point of view, perspective, way of seeing",,,,,,,
vizi fasil,,,,easy to see,,,,,,,
vizi muskil,,,,hard to see,,,,,,,
vizi-?,,,,worth seeing,,,,,,,
vizi-abil,,,,visible,,,,,,,
vizi-kanca,,,,"mirror, looking-glass",,,,,,,
vizi-kek,,,,n. spectating; v. spectate,,,,,,,
vizi-kek-zen,,,,spectator,,,,,,,
vizi-zen,,,,visionary; seer,,,,,,,
Vodun din,din,,,"Vodun, Vodu, Vodou, Voodoo",,,,,,,
volfram,materi,,W,"tungsten, wolfram",,,,,,,
voli?,,,,n. will; intent; volition; what one wanted; v. will; intend; a. intentional; voluntary; av. on purpose,,,,,,任意,
voto,,,,n. vote,,,,,,,
voto-tiketa,,,,ballot,,,,,,,
votu don,,,,"v. vote, cast a vote, elect",,,,,,,
voze,,,,voice,,,,,,,
voze basa,,,,verbal language,,,,,,,
Xosa basa,basa,,,"Xhosa, isiXhosa",,,,,,,
Xosa basa,,,,Xhosa language,,,,,,,
Xosa nasia,nasia,,,Xhosa people,,,,,,,
yaguar,animal,,Panthera onca,"jaguar, panther",,,,,,,
yam ki,,,,tableware; eating utensil,,,,,,,
yam-kan,kan,,,dining hall; restaurant,,,,,,,
yam-yau,siha,,,hunger,,,,,,,
yam?,,,,"eat, consume; drink",,,,,,,
yang,,zho:様,,"n. style, manner, form, kind, sort; sf. -like, -ish",,,,,,,
yau-kio,,,,"requisition, demand",,,,,,,
Yehudá din,din,,,Judaism,,,,,,,
Yehudá nasia,nasia,,,Jewish people,,,,,,,
Yerushalajim nagra,nagra,,,Jerusalem,,,,,,,
Yesu kristo,,,,Jesus Christ,,,,,,,
yota?,zi,,J,,,,,,,,
yuk,emot,,,"desire, want, wish",,,,,,,
yuk-tabi,,,,greedy,,,,,,,
Yupiter planeta,kosmo,,,Jupiter,,,,,,,
yureka,,,,"i. aha!; I've found it!; v. find, discover",,,,,,,
yuste sahih,,,,just right,,,,,,,
yuste?,,,,"a. precise, just, exact; av. precisely, just, exactly, barely; only, just, merely",,,,,,,
yutriu,materi,,Y,yttrium,,,,,,,
ze,basa-regla,,,"pp. from, since, of",,,,,,,から
zen,zen,"zho:人, hin:जन, ben:জন",,person,,,,,,,
zen-gazeta,,,,private journal,,,,,,,
zenzu,materi,"zho:珍珠, tur:inci, rus:жемчуг",,pearl,,,,,,,
zenzu-cai,,,,"boba tea, bubble tea",,,,,,,
Zhain din,din,,,Jainism,,,,,,,
Zhamaika desa,desa,,,Jamaica,,,,,,,
Zhazá'ir desa,desa,,,Algeria,,,,,,,
Zhong desa,,,,China,,,,,,,
Zhubeil nagra,nagra,,,Byblos,,,,,,,
zinko,materi,,Zn,zinc,,,,,,,
zinzen,,zho:進展,,"vi. progress, develop, evolve; advance, go forward, make headway; vt. advance, promote, put forward",,,,,,,
zinzen-liu,,,,"advanced, developed",,,,,,,
zoi,,,,most; more,,,,,,,
zoi abil,,,,"likely, probable",,,,,,,
zoi ai,,,,prefer; favor,,,,,,,
zoi bon,,,,better; best; optimal,,,,,,,
zoi dai,,,,maximum,,,,,,,
zoi dus,,,,worse; worst; dismal,,,,,,,
zoi gau,,,,highest; supreme,,,,,,,
zoi mini,,,,minimum,,,,,,,
zoi tele,,,,beyond; furthest,,,,,,,
zugi,,zho:主義,,ideology,,,,,,,
zui,,zho:注意,,a. alert; cautious; v. alert; warn; n. caution,,,,,,,
zui-teze,,,,warning; alert,,,,,,,
zuilok,mosim,,,"autumn, fall",,,,,,,
zuilok?,karma,zho:墜落,,"vi. fall, crash; vt. drop",,,,,,,
Zulu basa,basa,,,"Zulu, isiZulu",,,,,,,
Zulu nasia,nasia,,,"Zulu people, amaZulu",,,,,,,
zum,animal,,Hymenoptera,bee; wasp,,,,,,,
